data_type,sensitivity,purpose,data_age_days,days_since_last_access,usage_frequency,purpose_completed,retention_period_days,policy_type,risk_score,retention_status
Identity,4,Academic,693,595,None,1,378,Compliance,100,EXPIRE
Other,4,Navigation,205,172,Low,1,104,Archive,81,RETAIN
Financial,5,Academic,721,163,None,1,302,Archive,100,REVIEW
Academic,3,Payment,567,38,High,0,368,Legal,94,RETAIN
Financial,3,Navigation,874,134,Medium,0,371,Operational,100,REVIEW
Other,3,Verification,751,597,None,1,372,Compliance,100,EXPIRE
Location,4,Payment,257,213,Medium,1,380,Legal,95,REVIEW
Academic,2,Other,462,110,Medium,1,450,Temporary,65,EXPIRE
Academic,3,Navigation,1128,312,High,1,276,Compliance,100,REVIEW
Contact,4,Verification,1047,493,High,0,308,Compliance,100,EXPIRE
Location,5,Academic,487,293,None,1,530,Operational,100,REVIEW
Other,2,Academic,1314,76,High,1,156,Compliance,100,REVIEW
Location,5,Other,1063,434,Low,0,178,Temporary,100,RETAIN
Identity,5,Payment,739,529,None,1,506,Temporary,100,EXPIRE
Financial,5,Navigation,382,115,Medium,1,342,Archive,94,RETAIN
Financial,5,Other,792,554,Low,0,148,Operational,100,EXPIRE
Academic,2,Academic,436,34,None,0,74,Compliance,78,RETAIN
Academic,3,Communication,875,154,Low,0,463,Compliance,100,REVIEW
Academic,3,Verification,934,88,Medium,1,410,Compliance,100,RETAIN
Financial,5,Payment,232,157,None,0,429,Temporary,100,REVIEW
Other,3,Payment,980,579,Low,0,19,Compliance,100,EXPIRE
Financial,4,Registration,779,522,Low,0,92,Compliance,100,EXPIRE
Academic,2,Registration,872,454,High,1,240,Operational,100,REVIEW
Academic,1,Communication,886,279,None,0,70,Operational,100,REVIEW
Academic,3,Academic,513,55,Medium,1,495,Operational,88,RETAIN
Identity,4,Communication,1327,610,High,1,115,Archive,100,EXPIRE
Location,4,Navigation,1586,1484,None,1,94,Operational,100,EXPIRE
Financial,5,Verification,1198,1013,High,0,68,Compliance,100,EXPIRE
Identity,5,Academic,656,245,High,0,57,Operational,100,REVIEW
Contact,2,Verification,197,13,High,1,405,Temporary,52,RETAIN
Academic,1,Other,449,139,High,0,421,Compliance,72,RETAIN
Location,2,Registration,368,102,None,0,523,Temporary,88,RETAIN
Other,4,Payment,667,133,High,0,435,Temporary,100,REVIEW
Academic,1,Navigation,1484,120,Low,1,77,Compliance,100,REVIEW
Contact,3,Other,1536,1420,Low,0,20,Temporary,100,REVIEW
Academic,2,Verification,11,10,None,0,324,Legal,56,RETAIN
Academic,3,Academic,29,19,None,0,140,Legal,65,RETAIN
Financial,5,Navigation,1493,1295,High,1,328,Temporary,100,EXPIRE
Financial,5,Other,1388,380,Low,1,150,Operational,100,EXPIRE
Other,2,Academic,1410,93,Low,1,323,Temporary,100,REVIEW
Academic,1,Other,1473,881,None,1,314,Temporary,100,REVIEW
Identity,3,Registration,280,232,None,0,282,Legal,100,REVIEW
Academic,2,Communication,1177,1029,High,1,460,Compliance,100,EXPIRE
Contact,2,Payment,914,867,Low,1,10,Operational,100,EXPIRE
Other,5,Verification,171,8,Low,1,499,Archive,98,REVIEW
Other,5,Communication,1283,743,High,0,335,Legal,100,EXPIRE
Academic,2,Navigation,1547,1326,High,1,253,Legal,100,EXPIRE
Location,3,Navigation,765,126,Low,1,187,Operational,100,REVIEW
Academic,2,Communication,293,200,None,0,165,Legal,76,RETAIN
Other,3,Navigation,857,823,High,0,114,Archive,100,EXPIRE
Academic,2,Payment,283,207,None,0,114,Compliance,83,RETAIN
Other,4,Payment,153,95,Medium,1,285,Archive,78,RETAIN
Other,5,Other,651,386,Low,0,424,Archive,100,EXPIRE
Other,4,Verification,152,79,Medium,1,75,Compliance,72,RETAIN
Financial,5,Navigation,1164,889,High,1,432,Operational,100,EXPIRE
Location,3,Academic,188,135,None,0,395,Compliance,89,RETAIN
Contact,3,Payment,1181,1060,High,1,413,Legal,100,EXPIRE
Financial,4,Other,237,20,High,1,400,Operational,67,RETAIN
Contact,5,Navigation,577,450,Medium,1,262,Legal,100,REVIEW
Other,5,Communication,190,51,High,0,72,Temporary,82,RETAIN
Identity,2,Payment,153,69,Medium,1,446,Archive,55,RETAIN
Financial,5,Navigation,1469,1084,High,1,215,Archive,100,EXPIRE
Academic,4,Registration,70,7,Medium,0,539,Temporary,77,REVIEW
Academic,1,Other,394,94,Low,0,83,Archive,68,RETAIN
Contact,4,Other,58,0,None,1,444,Legal,66,RETAIN
Other,5,Registration,392,22,Medium,0,433,Temporary,100,REVIEW
Academic,4,Navigation,65,29,None,1,378,Compliance,67,RETAIN
Location,5,Payment,718,111,High,1,398,Temporary,100,REVIEW
Contact,5,Academic,978,498,None,0,9,Temporary,100,EXPIRE
Financial,4,Payment,594,54,High,0,104,Compliance,100,REVIEW
Financial,5,Other,916,409,None,0,295,Operational,100,EXPIRE
Location,5,Payment,708,665,None,1,86,Legal,100,EXPIRE
Financial,4,Other,215,203,Low,1,334,Compliance,89,RETAIN
Financial,5,Payment,246,100,High,0,122,Legal,98,RETAIN
Contact,3,Communication,237,53,None,0,312,Compliance,76,RETAIN
Academic,3,Payment,506,124,High,1,111,Compliance,86,RETAIN
Location,4,Communication,1293,952,Medium,0,479,Archive,100,EXPIRE
Location,5,Registration,503,261,High,1,29,Temporary,100,EXPIRE
Other,2,Verification,449,253,Low,1,396,Operational,96,REVIEW
Other,5,Verification,1130,967,Low,1,205,Operational,100,REVIEW
Location,5,Communication,123,122,Low,1,418,Legal,91,RETAIN
Academic,2,Other,1025,341,None,1,410,Compliance,100,REVIEW
Academic,4,Registration,1472,1456,High,0,303,Archive,100,EXPIRE
Other,3,Academic,628,206,None,0,28,Compliance,100,REVIEW
Other,2,Registration,391,354,High,1,30,Temporary,73,RETAIN
Contact,4,Academic,789,10,None,1,455,Archive,100,REVIEW
Location,5,Payment,1271,969,Medium,1,37,Legal,100,EXPIRE
Location,5,Communication,772,410,High,0,204,Compliance,100,REVIEW
Contact,5,Payment,615,209,Medium,1,272,Compliance,100,REVIEW
Identity,5,Payment,1009,395,None,1,175,Temporary,100,REVIEW
Other,3,Communication,492,70,Medium,1,228,Operational,71,RETAIN
Location,5,Payment,1284,796,High,0,261,Legal,100,EXPIRE
Other,5,Payment,1251,576,High,1,277,Legal,100,EXPIRE
Location,5,Navigation,667,646,None,1,531,Archive,100,EXPIRE
Academic,2,Verification,199,59,None,0,520,Compliance,74,RETAIN
Other,5,Navigation,387,159,None,1,430,Operational,100,REVIEW
Location,5,Navigation,1316,313,None,1,515,Temporary,100,EXPIRE
Academic,3,Payment,1238,10,High,0,216,Archive,100,EXPIRE
Contact,4,Registration,1373,609,None,1,147,Legal,100,EXPIRE
Financial,5,Payment,1074,273,None,0,286,Operational,100,EXPIRE
Other,4,Communication,718,285,None,0,153,Archive,100,RETAIN
Academic,3,Communication,680,549,Medium,1,539,Legal,100,REVIEW
Financial,5,Registration,1596,1365,Medium,0,39,Operational,100,EXPIRE
Contact,2,Navigation,165,60,None,1,42,Compliance,46,RETAIN
Identity,5,Other,549,246,Low,0,519,Legal,100,REVIEW
Other,5,Registration,618,145,Medium,0,180,Operational,100,REVIEW
Location,5,Payment,1045,26,Low,1,166,Operational,100,REVIEW
Financial,5,Other,97,54,Low,0,429,Legal,100,REVIEW
Financial,5,Payment,1079,275,High,0,149,Legal,100,EXPIRE
Contact,2,Navigation,684,446,Low,1,516,Archive,100,REVIEW
Other,2,Other,470,19,None,1,138,Archive,62,RETAIN
Financial,5,Verification,82,69,None,1,421,Temporary,96,REVIEW
Financial,5,Registration,785,309,None,1,229,Operational,100,REVIEW
Identity,2,Verification,813,223,Low,1,225,Compliance,100,REVIEW
Financial,5,Academic,367,118,Medium,1,136,Archive,100,REVIEW
Academic,2,Registration,1488,718,None,1,467,Legal,100,EXPIRE
Location,3,Verification,33,30,None,1,11,Archive,59,RETAIN
Academic,1,Payment,143,81,None,0,321,Compliance,57,RETAIN
Identity,5,Navigation,261,234,High,0,162,Operational,100,REVIEW
Location,5,Navigation,1455,1432,None,0,199,Temporary,100,EXPIRE
Contact,4,Communication,346,178,Low,1,445,Temporary,97,EXPIRE
Financial,3,Payment,265,174,Medium,0,167,Legal,82,RETAIN
Identity,5,Other,378,47,High,0,83,Temporary,100,REVIEW
Contact,5,Registration,7,6,None,0,314,Compliance,92,RETAIN
Location,5,Other,664,356,None,1,338,Legal,100,REVIEW
Identity,4,Communication,1062,1037,High,1,34,Compliance,100,EXPIRE
Other,3,Other,991,605,None,1,302,Legal,100,EXPIRE
Academic,3,Registration,1213,870,High,1,499,Compliance,100,RETAIN
Academic,2,Communication,653,613,None,0,357,Operational,100,REVIEW
Financial,5,Registration,425,75,Medium,0,113,Archive,100,REVIEW
Other,3,Other,1173,755,High,1,227,Compliance,100,EXPIRE
Location,5,Academic,1519,865,Low,0,62,Legal,100,EXPIRE
Other,2,Verification,327,140,Medium,1,119,Archive,64,RETAIN
Academic,4,Academic,1006,396,Medium,0,177,Compliance,100,EXPIRE
Location,5,Payment,1496,754,Low,1,187,Operational,100,EXPIRE
Academic,1,Verification,493,337,None,0,187,Legal,95,RETAIN
Financial,5,Academic,550,152,Low,1,114,Compliance,100,REVIEW
Location,4,Verification,73,0,Low,0,137,Legal,79,RETAIN
Other,3,Verification,217,63,Low,0,414,Legal,85,RETAIN
Other,5,Communication,1524,897,None,1,508,Operational,100,EXPIRE
Financial,5,Verification,1188,732,Low,1,296,Temporary,100,EXPIRE
Contact,5,Communication,935,489,Medium,1,458,Operational,100,EXPIRE
Identity,5,Academic,70,14,Medium,1,508,Operational,83,EXPIRE
Financial,5,Registration,988,177,Medium,1,227,Temporary,100,REVIEW
Contact,5,Payment,1399,1045,Low,1,390,Operational,100,EXPIRE
Contact,5,Registration,119,105,None,1,421,Operational,89,RETAIN
Financial,5,Academic,695,251,None,1,104,Archive,100,REVIEW
Other,2,Other,596,330,High,1,117,Archive,84,RETAIN
Identity,4,Other,1464,890,None,1,254,Compliance,100,EXPIRE
Location,5,Verification,1309,1069,Medium,1,454,Temporary,100,EXPIRE
Academic,1,Communication,1490,510,None,0,430,Temporary,100,EXPIRE
Academic,1,Registration,1478,784,Low,0,408,Temporary,100,EXPIRE
Contact,2,Registration,636,291,High,1,75,Legal,82,RETAIN
Location,5,Payment,511,211,Medium,1,168,Legal,100,REVIEW
Identity,5,Navigation,841,288,Medium,0,101,Archive,100,EXPIRE
Other,5,Navigation,1194,895,Low,1,535,Legal,100,EXPIRE
Location,5,Academic,586,430,Medium,1,483,Compliance,100,REVIEW
Location,5,Navigation,529,221,None,1,351,Legal,100,REVIEW
Financial,4,Academic,147,47,Medium,0,397,Legal,82,EXPIRE
Contact,2,Registration,1245,1169,High,1,493,Legal,100,EXPIRE
Other,2,Registration,449,127,Low,0,366,Legal,92,RETAIN
Contact,4,Academic,1524,887,Medium,1,171,Legal,100,EXPIRE
Academic,2,Other,705,483,Medium,1,19,Legal,100,REVIEW
Other,3,Registration,1497,1268,High,1,463,Compliance,100,EXPIRE
Financial,5,Payment,1294,316,Low,0,493,Operational,100,EXPIRE
Other,4,Other,1223,285,High,1,340,Compliance,100,REVIEW
Location,4,Payment,489,126,Low,1,319,Operational,100,REVIEW
Contact,5,Navigation,269,98,None,1,249,Legal,94,RETAIN
Contact,4,Verification,968,112,None,0,214,Operational,100,REVIEW
Contact,3,Communication,991,869,High,0,344,Temporary,100,EXPIRE
Location,4,Academic,762,674,None,1,360,Legal,100,EXPIRE
Academic,2,Navigation,883,215,Medium,0,431,Legal,100,REVIEW
Identity,4,Other,170,16,Medium,0,394,Operational,80,RETAIN
Contact,3,Registration,83,30,Medium,1,179,Legal,42,RETAIN
Other,3,Academic,632,203,None,0,406,Temporary,100,REVIEW
Financial,4,Navigation,1406,1287,None,1,171,Compliance,100,REVIEW
Identity,2,Verification,698,593,High,1,187,Legal,100,REVIEW
Financial,4,Registration,105,90,Low,1,445,Compliance,76,EXPIRE
Financial,5,Communication,940,242,Low,1,407,Compliance,100,REVIEW
Academic,2,Communication,351,219,None,0,519,Temporary,88,REVIEW
Contact,2,Verification,1317,80,Low,0,462,Temporary,100,REVIEW
Contact,3,Navigation,294,257,High,0,526,Compliance,98,REVIEW
Contact,4,Other,463,116,Medium,0,404,Compliance,100,REVIEW
Financial,3,Payment,849,41,High,1,327,Legal,100,REVIEW
Contact,4,Verification,1322,460,Medium,1,409,Operational,100,EXPIRE
Identity,5,Communication,1023,692,High,1,42,Temporary,100,EXPIRE
Contact,4,Academic,275,230,High,1,449,Compliance,99,REVIEW
Financial,4,Verification,759,444,Low,0,111,Temporary,100,RETAIN
Financial,5,Registration,834,146,None,0,78,Temporary,100,REVIEW
Contact,2,Navigation,572,195,Low,0,230,Operational,100,REVIEW
Identity,3,Other,1205,129,None,0,68,Compliance,100,REVIEW
Identity,5,Verification,1311,907,Medium,0,242,Temporary,100,EXPIRE
Identity,5,Communication,139,80,High,1,436,Archive,79,RETAIN
Other,3,Communication,1553,1485,Low,1,430,Compliance,100,EXPIRE
Location,3,Communication,1571,162,High,0,468,Compliance,100,EXPIRE
Financial,5,Academic,1013,383,High,0,396,Operational,100,EXPIRE
Contact,4,Navigation,614,283,Low,0,358,Operational,100,REVIEW
Contact,3,Navigation,152,46,None,0,523,Operational,82,RETAIN
Academic,3,Navigation,852,219,Medium,0,447,Temporary,100,REVIEW
Location,3,Payment,1512,1280,Low,0,498,Compliance,100,REVIEW
Identity,5,Other,900,74,None,0,87,Archive,100,REVIEW
Contact,1,Navigation,908,714,High,0,183,Archive,100,REVIEW
Financial,5,Payment,257,111,High,1,121,Compliance,94,RETAIN
Identity,5,Other,1362,255,High,0,323,Compliance,100,REVIEW
Financial,5,Academic,391,220,Medium,0,530,Archive,100,REVIEW
Financial,5,Verification,190,167,High,0,43,Operational,100,REVIEW
Academic,1,Other,1504,782,Medium,0,254,Compliance,100,EXPIRE
Identity,4,Academic,990,135,None,1,519,Compliance,100,REVIEW
Financial,4,Verification,788,271,None,0,58,Temporary,100,REVIEW
Financial,5,Registration,130,75,Medium,0,478,Legal,96,REVIEW
Identity,2,Navigation,327,174,Low,0,536,Legal,91,RETAIN
Identity,4,Navigation,1444,561,None,0,413,Archive,100,RETAIN
Identity,5,Other,250,180,Medium,0,471,Compliance,100,REVIEW
Academic,1,Navigation,276,267,Low,1,172,Compliance,58,RETAIN
Contact,2,Payment,1387,176,Medium,0,74,Archive,100,REVIEW
Financial,4,Other,1476,1174,Low,1,297,Archive,100,EXPIRE
Other,4,Academic,773,352,Low,1,156,Operational,100,REVIEW
Identity,3,Verification,909,708,Medium,0,244,Archive,100,REVIEW
Contact,2,Registration,452,441,High,1,123,Legal,84,RETAIN
Other,2,Navigation,79,28,None,1,86,Temporary,38,RETAIN
Financial,5,Other,1056,661,High,0,114,Archive,100,EXPIRE
Location,5,Verification,557,62,None,1,224,Compliance,100,REVIEW
Other,4,Communication,198,107,Low,1,104,Temporary,76,RETAIN
Location,4,Academic,366,280,Medium,1,388,Archive,100,REVIEW
Academic,2,Verification,850,441,None,1,277,Operational,100,REVIEW
Other,3,Other,675,656,None,0,135,Operational,100,EXPIRE
Location,5,Verification,28,13,Low,1,484,Legal,90,RETAIN
Identity,5,Academic,1251,1130,Low,0,109,Archive,100,EXPIRE
Contact,4,Communication,1245,836,High,1,518,Compliance,100,EXPIRE
Financial,5,Verification,1178,577,Low,1,325,Legal,100,EXPIRE
Financial,5,Registration,182,136,None,1,483,Compliance,97,REVIEW
Identity,3,Registration,317,125,Low,1,107,Archive,72,RETAIN
Contact,2,Payment,1202,429,High,1,261,Operational,100,REVIEW
Contact,2,Payment,880,729,Medium,1,232,Compliance,100,REVIEW
Location,5,Academic,330,147,Low,1,444,Operational,100,REVIEW
Financial,5,Communication,627,450,None,0,100,Operational,100,EXPIRE
Financial,5,Verification,1121,339,High,1,203,Compliance,100,EXPIRE
Academic,2,Payment,1029,24,High,0,258,Legal,100,REVIEW
Academic,3,Other,574,264,High,1,50,Compliance,88,RETAIN
Financial,5,Navigation,909,693,Medium,0,534,Temporary,100,EXPIRE
Contact,5,Academic,1233,1226,Medium,0,472,Temporary,100,EXPIRE
Contact,3,Academic,970,610,High,1,537,Compliance,100,EXPIRE
Contact,2,Registration,1195,69,Medium,1,512,Temporary,100,REVIEW
Other,2,Academic,281,63,High,1,498,Archive,63,RETAIN
Contact,5,Payment,673,158,High,0,154,Compliance,100,REVIEW
Contact,3,Payment,405,314,High,0,315,Operational,100,REVIEW
Other,1,Registration,915,522,Low,1,536,Operational,100,REVIEW
Contact,5,Academic,143,20,Low,0,90,Operational,95,REVIEW
Contact,3,Registration,697,334,Medium,0,466,Legal,100,REVIEW
Academic,2,Payment,645,156,High,1,536,Legal,93,RETAIN
Other,3,Verification,210,42,None,1,105,Operational,71,RETAIN
Contact,5,Navigation,1284,817,Low,1,70,Operational,100,EXPIRE
Identity,4,Other,1487,334,Low,1,458,Operational,100,EXPIRE
Identity,5,Navigation,1252,201,None,0,334,Archive,100,EXPIRE
Identity,3,Registration,1373,1190,Medium,0,169,Compliance,100,EXPIRE
Academic,3,Registration,1501,159,Medium,1,37,Archive,100,REVIEW
Other,5,Academic,258,193,Medium,1,160,Archive,100,REVIEW
Contact,3,Navigation,932,799,Low,0,519,Archive,100,EXPIRE
Academic,3,Academic,405,211,High,0,107,Compliance,92,RETAIN
Other,5,Registration,1574,617,Low,0,358,Compliance,100,EXPIRE
Contact,3,Verification,985,862,None,0,158,Legal,100,EXPIRE
Financial,5,Academic,482,120,High,1,132,Legal,100,REVIEW
Other,1,Academic,729,160,High,0,386,Legal,89,REVIEW
Financial,5,Communication,1200,37,High,0,218,Archive,100,REVIEW
Identity,4,Navigation,1386,309,Medium,0,165,Operational,100,EXPIRE
Financial,4,Academic,1273,293,Low,0,21,Compliance,100,EXPIRE
Academic,3,Other,851,87,Low,1,39,Legal,100,REVIEW
Identity,5,Other,93,32,High,1,315,Operational,70,RETAIN
Other,5,Academic,532,440,None,1,77,Temporary,100,REVIEW
Financial,5,Verification,141,10,None,0,77,Legal,94,RETAIN
Location,5,Communication,1411,433,Medium,1,507,Legal,100,EXPIRE
Academic,2,Communication,110,18,Low,1,431,Compliance,46,RETAIN
Identity,5,Payment,528,503,Medium,0,476,Temporary,100,EXPIRE
Contact,2,Communication,724,498,Medium,1,491,Archive,100,REVIEW
Location,5,Registration,995,443,Medium,0,499,Temporary,100,EXPIRE
Location,5,Payment,975,72,High,1,245,Compliance,100,REVIEW
Identity,4,Academic,1188,915,None,0,254,Compliance,100,EXPIRE
Other,3,Navigation,133,82,Medium,1,501,Archive,56,RETAIN
Location,5,Verification,115,47,Medium,1,281,Archive,83,RETAIN
Location,5,Navigation,821,369,Medium,1,103,Temporary,100,RETAIN
Location,5,Navigation,862,632,Medium,0,24,Archive,100,EXPIRE
Identity,3,Communication,1002,195,Low,0,171,Compliance,100,REVIEW
Identity,5,Registration,1511,755,None,0,409,Operational,100,EXPIRE
Other,3,Communication,401,273,Low,0,407,Archive,100,REVIEW
Identity,5,Navigation,1155,993,Low,1,504,Operational,100,EXPIRE
Location,4,Other,704,170,High,0,496,Archive,100,REVIEW
Other,3,Registration,1019,557,None,1,305,Compliance,100,EXPIRE
Location,5,Academic,534,226,Low,1,236,Temporary,100,REVIEW
Other,2,Navigation,168,127,High,1,302,Archive,45,RETAIN
Contact,4,Other,440,302,None,1,499,Compliance,100,RETAIN
Other,2,Navigation,970,222,Low,1,210,Temporary,100,REVIEW
Location,2,Other,877,156,Medium,1,488,Legal,94,RETAIN
Identity,5,Verification,1159,227,Medium,0,471,Compliance,100,EXPIRE
Other,3,Navigation,1184,265,Medium,1,31,Compliance,100,EXPIRE
Contact,4,Navigation,397,242,Medium,0,420,Operational,100,EXPIRE
Other,4,Navigation,1112,273,None,1,29,Compliance,100,REVIEW
Financial,4,Verification,1319,748,High,1,331,Archive,100,RETAIN
Other,5,Navigation,20,17,High,0,111,Archive,78,RETAIN
Contact,2,Navigation,107,90,None,0,334,Compliance,67,RETAIN
Financial,4,Payment,1183,838,None,0,104,Archive,100,EXPIRE
Academic,2,Navigation,1484,1438,None,1,397,Archive,100,EXPIRE
Contact,3,Payment,1508,785,Medium,1,511,Archive,100,EXPIRE
Contact,2,Academic,944,584,Low,1,500,Temporary,100,EXPIRE
Academic,1,Navigation,142,95,Medium,1,172,Temporary,27,RETAIN
Academic,2,Academic,818,274,None,1,457,Operational,100,REVIEW
Other,5,Registration,1041,197,None,0,374,Compliance,100,EXPIRE
Contact,4,Registration,213,10,Medium,1,159,Operational,60,RETAIN
Financial,5,Registration,448,190,None,0,170,Operational,100,REVIEW
Academic,1,Verification,724,179,Low,1,250,Legal,92,RETAIN
Academic,2,Registration,950,137,None,1,410,Operational,100,REVIEW
Academic,3,Verification,1334,1257,Low,0,18,Operational,100,EXPIRE
Academic,3,Navigation,1012,272,High,0,399,Temporary,100,REVIEW
Other,2,Navigation,1270,427,None,1,533,Temporary,100,EXPIRE
Financial,5,Verification,768,116,High,1,16,Temporary,100,EXPIRE
Other,3,Academic,806,36,None,1,11,Archive,100,REVIEW
Other,3,Other,1409,710,Medium,1,465,Temporary,100,EXPIRE
Contact,3,Communication,849,774,High,1,383,Operational,100,REVIEW
Financial,4,Academic,1088,503,None,0,205,Operational,100,EXPIRE
Financial,5,Communication,736,343,Medium,0,199,Temporary,100,REVIEW
Location,5,Navigation,548,406,None,1,301,Temporary,100,REVIEW
Academic,1,Academic,475,383,High,0,506,Temporary,94,RETAIN
Academic,4,Navigation,547,288,None,1,446,Compliance,100,REVIEW
Financial,3,Payment,118,109,Medium,1,148,Archive,62,RETAIN
Identity,4,Academic,53,18,Low,1,493,Operational,80,RETAIN
Other,3,Communication,523,46,Medium,1,20,Operational,68,RETAIN
Academic,4,Verification,807,644,Medium,1,24,Legal,100,EXPIRE
Academic,4,Academic,272,118,None,0,415,Legal,100,REVIEW
Contact,2,Other,1590,708,High,1,154,Legal,100,EXPIRE
Academic,3,Academic,964,500,High,1,407,Operational,100,REVIEW
Other,3,Verification,740,196,High,1,216,Temporary,100,REVIEW
Other,5,Other,682,516,Low,1,34,Compliance,100,REVIEW
Financial,4,Navigation,1227,431,Medium,1,308,Compliance,100,EXPIRE
Academic,4,Verification,1255,623,High,0,95,Temporary,100,EXPIRE
Location,5,Registration,486,283,Low,0,147,Archive,100,REVIEW
Identity,5,Registration,95,32,Medium,0,13,Temporary,83,RETAIN
Contact,4,Registration,607,72,Low,0,506,Operational,100,REVIEW
Contact,4,Communication,1149,564,Low,1,386,Temporary,100,EXPIRE
Academic,4,Navigation,412,198,High,1,498,Archive,94,RETAIN
Identity,5,Communication,504,164,Low,1,400,Compliance,100,REVIEW
Location,4,Other,764,538,Medium,1,42,Temporary,100,REVIEW
Location,5,Navigation,151,120,High,0,221,Archive,96,REVIEW
Other,3,Communication,1391,747,Low,1,165,Compliance,100,EXPIRE
Financial,5,Registration,315,219,Low,0,182,Operational,100,REVIEW
Academic,3,Navigation,27,10,Low,0,320,Operational,68,RETAIN
Location,5,Communication,94,66,Low,0,294,Archive,92,RETAIN
Identity,5,Verification,49,6,Medium,1,407,Temporary,79,RETAIN
Academic,3,Other,980,437,High,0,286,Archive,100,RETAIN
Location,3,Registration,1376,1032,Medium,1,17,Temporary,100,EXPIRE
Academic,1,Payment,1106,103,Low,0,480,Temporary,100,REVIEW
Contact,5,Registration,1133,664,Medium,1,330,Operational,100,RETAIN
Academic,1,Other,8,7,Medium,0,173,Legal,31,RETAIN
Contact,3,Navigation,148,48,High,1,285,Operational,50,RETAIN
Location,5,Academic,126,49,Low,1,413,Operational,97,REVIEW
Contact,4,Registration,1319,654,Medium,1,496,Archive,100,EXPIRE
Identity,3,Communication,421,167,High,1,72,Temporary,72,RETAIN
Financial,5,Navigation,249,93,Low,1,447,Legal,96,REVIEW
Financial,5,Academic,591,328,Medium,1,180,Temporary,100,REVIEW
Academic,2,Verification,1158,1,None,0,384,Archive,100,RETAIN
Identity,3,Navigation,1365,1003,None,1,416,Compliance,100,EXPIRE
Other,3,Navigation,1422,1406,Low,0,87,Archive,100,EXPIRE
Identity,5,Verification,1064,977,Medium,1,448,Compliance,100,EXPIRE
Financial,5,Navigation,685,223,Medium,1,169,Archive,100,REVIEW
Financial,5,Registration,963,553,None,0,522,Archive,100,EXPIRE
Financial,3,Registration,182,8,Low,0,413,Operational,79,RETAIN
Identity,3,Academic,947,325,High,1,306,Temporary,100,REVIEW
Contact,3,Other,634,120,Medium,0,73,Legal,99,REVIEW
Location,5,Navigation,1428,556,High,1,287,Compliance,100,EXPIRE
Other,5,Communication,863,588,High,1,526,Temporary,100,EXPIRE
Location,3,Communication,379,370,Medium,1,460,Archive,93,RETAIN
Identity,5,Registration,1340,129,None,0,486,Temporary,100,EXPIRE
Identity,5,Registration,1212,71,High,0,475,Compliance,100,EXPIRE
Other,5,Payment,95,55,None,1,361,Legal,94,RETAIN
Academic,1,Verification,324,223,Medium,1,453,Compliance,65,REVIEW
Financial,5,Academic,936,323,Medium,0,107,Legal,100,EXPIRE
Academic,2,Payment,41,24,High,1,60,Archive,37,RETAIN
Location,5,Communication,145,57,Medium,1,14,Legal,70,RETAIN
Financial,5,Payment,474,160,Medium,0,244,Temporary,100,REVIEW
Academic,2,Communication,81,63,None,1,92,Operational,41,RETAIN
Financial,4,Navigation,1511,159,None,0,187,Archive,100,EXPIRE
Financial,5,Payment,178,164,Medium,0,106,Compliance,99,EXPIRE
Other,5,Payment,835,827,Medium,1,404,Archive,100,EXPIRE
Contact,4,Verification,1236,1174,Low,1,448,Archive,100,EXPIRE
Identity,5,Verification,852,665,Medium,1,370,Compliance,100,RETAIN
Identity,3,Communication,1338,481,None,1,494,Compliance,100,EXPIRE
Financial,5,Registration,1293,475,High,0,340,Compliance,100,EXPIRE
Identity,5,Other,1326,338,Medium,0,335,Legal,100,EXPIRE
Location,5,Verification,1454,851,None,1,423,Operational,100,EXPIRE
Identity,4,Verification,699,363,Low,1,80,Compliance,100,REVIEW
Identity,3,Other,985,314,High,1,163,Operational,100,REVIEW
Financial,5,Communication,457,250,Medium,1,134,Operational,100,REVIEW
Other,4,Verification,984,667,None,1,405,Legal,100,EXPIRE
Location,2,Academic,160,73,Medium,0,208,Temporary,57,RETAIN
Location,5,Academic,592,322,None,0,337,Archive,100,EXPIRE
Other,5,Communication,42,12,High,1,391,Temporary,66,REVIEW
Financial,5,Registration,266,53,Low,1,462,Legal,95,REVIEW
Academic,1,Payment,1309,386,Medium,1,493,Operational,100,REVIEW
Financial,5,Navigation,658,550,Medium,1,383,Legal,100,RETAIN
Identity,5,Academic,372,292,Medium,1,168,Archive,100,REVIEW
Location,5,Navigation,138,37,None,1,270,Operational,82,RETAIN
Other,5,Communication,1404,1276,High,1,318,Archive,100,EXPIRE
Identity,5,Communication,553,189,None,1,160,Archive,100,REVIEW
Identity,5,Navigation,1008,704,Medium,1,135,Compliance,100,EXPIRE
Contact,2,Academic,1141,817,High,0,412,Operational,100,EXPIRE
Other,5,Communication,1167,1076,High,0,97,Archive,100,EXPIRE
Contact,5,Communication,630,469,None,0,248,Operational,100,EXPIRE
Financial,4,Academic,362,114,High,1,493,Operational,96,REVIEW
Contact,5,Navigation,626,560,Medium,0,44,Operational,100,EXPIRE
Financial,5,Registration,638,317,Low,0,127,Compliance,100,REVIEW
Academic,3,Academic,106,36,Medium,0,433,Operational,67,RETAIN
Identity,4,Academic,1182,425,None,0,98,Operational,100,EXPIRE
Identity,4,Other,97,84,None,0,533,Temporary,94,RETAIN
Identity,2,Other,629,588,High,0,365,Compliance,100,REVIEW
Academic,3,Academic,35,16,Medium,1,482,Operational,56,RETAIN
Contact,5,Verification,396,119,None,1,22,Archive,100,REVIEW
Contact,5,Navigation,647,7,Low,1,303,Archive,100,REVIEW
Academic,2,Communication,269,68,Medium,0,171,Temporary,54,RETAIN
Location,2,Other,1132,338,None,1,302,Compliance,100,REVIEW
Contact,2,Verification,847,217,Medium,0,534,Temporary,100,REVIEW
Location,5,Registration,1377,496,Low,1,424,Legal,100,EXPIRE
Contact,1,Other,361,12,Medium,0,64,Temporary,50,RETAIN
Financial,5,Academic,814,568,Medium,1,366,Compliance,100,EXPIRE
Location,3,Payment,505,13,None,0,276,Compliance,96,REVIEW
Identity,5,Academic,455,73,Low,0,433,Temporary,100,REVIEW
Identity,4,Payment,1038,575,Medium,1,288,Temporary,100,EXPIRE
Identity,5,Registration,562,176,None,0,134,Legal,100,REVIEW
Location,4,Other,862,720,Medium,0,47,Operational,100,EXPIRE
Other,4,Navigation,1003,852,Low,0,408,Legal,100,EXPIRE
Identity,3,Navigation,722,430,Medium,1,70,Legal,100,REVIEW
Contact,2,Other,266,5,None,0,117,Legal,66,REVIEW
Identity,5,Navigation,452,346,Medium,1,64,Archive,100,REVIEW
Academic,1,Payment,1405,1342,High,0,529,Temporary,100,EXPIRE
Financial,5,Navigation,1178,152,None,1,298,Compliance,100,EXPIRE
Academic,3,Payment,1525,990,Low,1,151,Legal,100,EXPIRE
Identity,4,Navigation,701,531,None,1,204,Compliance,100,REVIEW
Location,5,Verification,1150,432,Medium,1,209,Operational,100,EXPIRE
Academic,3,Registration,1503,696,Medium,1,113,Legal,100,EXPIRE
Other,3,Communication,344,109,Medium,1,62,Archive,62,RETAIN
Identity,5,Communication,1489,334,None,0,481,Compliance,100,REVIEW
Contact,2,Other,347,41,Low,1,183,Compliance,57,RETAIN
Identity,3,Communication,879,271,Low,1,183,Operational,100,REVIEW
Other,2,Payment,203,39,None,0,310,Legal,69,RETAIN
Location,3,Other,627,611,Low,0,115,Compliance,100,REVIEW
Financial,5,Communication,239,102,High,1,362,Legal,85,RETAIN
Location,5,Verification,629,357,Medium,1,382,Compliance,100,REVIEW
Location,4,Communication,248,203,None,0,474,Temporary,100,REVIEW
Academic,1,Other,1397,224,None,1,366,Temporary,100,REVIEW
Location,5,Navigation,584,199,Medium,0,314,Operational,100,REVIEW
Academic,3,Other,1259,593,Medium,1,178,Archive,100,RETAIN
Identity,3,Other,210,171,High,1,96,Legal,59,RETAIN
Financial,5,Verification,1532,995,High,1,56,Legal,100,EXPIRE
Financial,5,Other,315,105,Medium,1,90,Operational,84,RETAIN
Contact,4,Payment,1551,1413,None,0,67,Operational,100,EXPIRE
Financial,5,Communication,255,146,High,1,104,Temporary,84,RETAIN
Location,5,Other,809,323,High,0,369,Legal,100,EXPIRE
Location,5,Other,1327,369,Medium,0,60,Temporary,100,EXPIRE
Identity,3,Other,878,817,None,0,329,Legal,100,EXPIRE
Identity,4,Communication,1387,780,None,0,259,Temporary,100,EXPIRE
Contact,2,Payment,1326,848,Medium,1,156,Legal,100,REVIEW
Academic,3,Navigation,178,59,None,0,144,Operational,77,RETAIN
Financial,5,Academic,845,235,High,0,384,Operational,100,EXPIRE
Identity,3,Communication,629,220,Medium,1,67,Compliance,88,RETAIN
Financial,5,Verification,1359,1168,None,1,328,Compliance,100,EXPIRE
Financial,4,Registration,240,236,None,0,383,Archive,100,REVIEW
Identity,5,Other,608,143,High,0,244,Compliance,100,REVIEW
Contact,3,Other,504,323,Medium,1,496,Operational,97,EXPIRE
Academic,3,Payment,972,597,High,0,271,Temporary,100,EXPIRE
Identity,4,Registration,956,767,Low,1,94,Archive,100,EXPIRE
Identity,4,Navigation,1042,189,None,1,396,Operational,100,REVIEW
Identity,5,Navigation,1157,111,High,0,357,Operational,100,EXPIRE
Identity,4,Payment,382,84,None,0,67,Operational,100,REVIEW
Academic,2,Other,329,152,Low,1,433,Archive,70,RETAIN
Contact,5,Other,625,602,None,1,255,Operational,100,EXPIRE
Identity,4,Registration,272,255,High,1,35,Archive,82,RETAIN
Contact,4,Payment,927,307,Medium,1,351,Temporary,100,REVIEW
Other,3,Communication,1138,677,Medium,1,260,Legal,100,EXPIRE
Academic,2,Payment,1596,435,Medium,1,93,Archive,100,EXPIRE
Contact,2,Payment,309,85,Medium,1,339,Legal,63,RETAIN
Identity,5,Communication,864,84,Medium,0,29,Compliance,100,REVIEW
Academic,1,Verification,1243,47,Low,1,324,Temporary,100,REVIEW
Identity,5,Verification,649,415,None,0,398,Temporary,100,EXPIRE
Other,1,Registration,958,288,Low,1,218,Temporary,100,REVIEW
Identity,3,Verification,1252,1146,Low,0,173,Temporary,100,EXPIRE
Other,4,Verification,961,62,Medium,1,42,Temporary,100,EXPIRE
Location,5,Payment,1075,186,Medium,0,261,Legal,100,RETAIN
Other,3,Payment,7,0,Medium,0,411,Operational,60,RETAIN
Academic,1,Registration,1585,127,High,0,394,Temporary,100,REVIEW
Identity,3,Payment,43,10,Medium,0,122,Legal,55,RETAIN
Contact,2,Navigation,904,139,Medium,0,503,Operational,100,REVIEW
Other,4,Navigation,1485,1259,Low,1,131,Temporary,100,EXPIRE
Identity,4,Registration,1122,1088,High,0,366,Temporary,100,EXPIRE
Contact,1,Communication,1308,367,None,1,183,Compliance,100,REVIEW
Academic,3,Registration,223,175,High,0,255,Temporary,82,RETAIN
Financial,5,Navigation,381,42,None,1,283,Compliance,97,REVIEW
Identity,5,Registration,456,110,Low,1,357,Archive,100,REVIEW
Academic,2,Other,212,24,High,1,303,Operational,40,RETAIN
Academic,2,Verification,1554,795,Medium,1,512,Compliance,100,RETAIN
Academic,1,Academic,494,135,Medium,1,9,Temporary,61,RETAIN
Contact,3,Verification,1344,455,None,1,128,Archive,100,EXPIRE
Academic,1,Other,1535,479,Medium,0,374,Legal,100,EXPIRE
Location,4,Academic,666,355,None,1,179,Legal,100,REVIEW
Identity,3,Registration,257,49,High,0,347,Temporary,75,REVIEW
Identity,4,Navigation,992,714,Medium,1,315,Operational,100,EXPIRE
Financial,5,Other,795,685,Low,1,79,Archive,100,EXPIRE
Financial,5,Registration,136,97,Low,1,32,Operational,83,RETAIN
Identity,3,Verification,1493,1203,High,1,425,Legal,100,EXPIRE
Financial,5,Verification,1389,141,None,1,52,Operational,100,EXPIRE
Identity,5,Verification,1282,705,Medium,0,503,Compliance,100,EXPIRE
Other,2,Navigation,108,101,Low,1,153,Temporary,47,RETAIN
Contact,3,Communication,839,472,High,1,488,Compliance,100,REVIEW
Academic,1,Academic,307,31,Medium,0,275,Archive,52,RETAIN
Academic,3,Communication,628,559,None,1,483,Temporary,100,REVIEW
Contact,3,Navigation,904,506,High,0,263,Temporary,100,REVIEW
Academic,2,Registration,936,808,Medium,1,374,Operational,100,REVIEW
Contact,2,Payment,596,262,None,1,482,Archive,100,REVIEW
Other,3,Academic,679,415,None,0,287,Compliance,100,REVIEW
Identity,5,Communication,772,712,Medium,1,303,Compliance,100,EXPIRE
Academic,4,Navigation,703,100,Low,1,218,Legal,100,REVIEW
Location,5,Verification,1381,1280,High,1,46,Temporary,100,EXPIRE
Academic,1,Navigation,1335,587,Medium,0,33,Archive,100,EXPIRE
Financial,5,Navigation,1400,708,Medium,0,60,Archive,100,EXPIRE
Identity,3,Navigation,479,295,None,0,41,Legal,100,RETAIN
Other,5,Navigation,548,149,Medium,1,191,Temporary,100,REVIEW
Academic,4,Verification,1107,1023,Low,0,444,Temporary,100,EXPIRE
Location,3,Academic,122,18,Medium,1,243,Operational,57,REVIEW
Location,4,Academic,301,14,None,1,61,Archive,86,RETAIN
Identity,5,Payment,421,138,High,0,444,Archive,100,REVIEW
Identity,5,Verification,1015,794,Low,0,506,Temporary,100,EXPIRE
Identity,4,Navigation,1263,440,None,1,396,Legal,100,EXPIRE
Identity,4,Payment,773,239,High,1,522,Compliance,100,REVIEW
Financial,5,Communication,884,609,Low,0,235,Archive,100,EXPIRE
Contact,3,Navigation,544,383,None,0,453,Compliance,100,REVIEW
Academic,3,Communication,1194,944,None,1,163,Compliance,100,EXPIRE
Other,4,Communication,207,118,High,0,405,Legal,83,RETAIN
Financial,5,Academic,1551,884,Low,0,7,Archive,100,EXPIRE
Academic,2,Navigation,1296,792,Medium,1,283,Archive,100,EXPIRE
Identity,5,Other,713,655,High,0,409,Archive,100,EXPIRE
Contact,4,Navigation,833,508,High,1,324,Operational,100,REVIEW
Other,2,Navigation,1491,228,Low,1,453,Compliance,100,RETAIN
Identity,3,Navigation,1004,707,Low,1,430,Legal,100,EXPIRE
Location,4,Communication,1422,1041,Medium,0,245,Operational,100,EXPIRE
Location,4,Navigation,1559,1555,None,0,67,Compliance,100,EXPIRE
Other,3,Registration,831,232,Low,0,507,Compliance,100,REVIEW
Location,4,Payment,835,593,Medium,0,275,Archive,100,EXPIRE
Contact,5,Academic,1377,22,Low,0,126,Operational,100,EXPIRE
Other,3,Verification,1422,633,Low,1,178,Temporary,100,EXPIRE
Academic,3,Registration,118,5,High,0,340,Compliance,64,RETAIN
Financial,5,Other,1587,619,None,0,265,Operational,100,EXPIRE
Contact,3,Registration,1289,605,None,1,260,Archive,100,EXPIRE
Academic,4,Other,382,167,Medium,1,159,Temporary,83,RETAIN
Location,5,Academic,7,3,None,1,333,Temporary,86,RETAIN
Financial,5,Payment,828,509,None,0,481,Compliance,100,EXPIRE
Academic,1,Academic,513,145,High,0,137,Operational,70,RETAIN
Identity,5,Academic,546,306,High,0,478,Archive,100,REVIEW
Location,3,Academic,1544,798,Medium,1,258,Compliance,100,REVIEW
Academic,1,Registration,1287,649,Medium,1,387,Temporary,100,REVIEW
Location,3,Registration,1075,812,Low,1,193,Operational,100,EXPIRE
Contact,3,Other,337,306,Low,1,413,Operational,94,REVIEW
Identity,4,Payment,1407,753,None,1,494,Archive,100,EXPIRE
Contact,2,Payment,400,167,Low,1,119,Archive,81,RETAIN
Financial,5,Academic,977,722,Low,1,499,Legal,100,EXPIRE
Financial,5,Communication,477,132,High,0,35,Temporary,100,REVIEW
Contact,3,Verification,295,224,None,1,204,Archive,93,RETAIN
Financial,3,Communication,380,228,Medium,1,56,Operational,74,RETAIN
Academic,2,Payment,76,36,None,1,404,Archive,57,RETAIN
Financial,5,Payment,861,52,None,1,88,Operational,100,REVIEW
Academic,3,Academic,1388,255,High,0,315,Legal,100,EXPIRE
Other,4,Academic,657,526,High,1,505,Temporary,100,REVIEW
Location,5,Registration,690,498,High,0,462,Archive,100,EXPIRE
Location,5,Payment,871,815,None,0,490,Legal,100,EXPIRE
Location,5,Registration,408,193,Medium,0,430,Compliance,100,REVIEW
Financial,5,Registration,1287,657,None,0,55,Operational,100,EXPIRE
Contact,3,Payment,321,275,None,1,410,Compliance,100,REVIEW
Location,4,Navigation,770,201,Low,0,155,Operational,100,REVIEW
Identity,4,Communication,142,44,None,1,233,Legal,70,RETAIN
Contact,4,Communication,468,295,Medium,0,507,Compliance,100,REVIEW
Academic,3,Communication,786,392,Medium,1,438,Legal,100,REVIEW
Location,5,Verification,448,417,Low,1,127,Legal,100,REVIEW
Other,2,Other,559,346,Medium,1,372,Operational,88,EXPIRE
Identity,5,Verification,1045,568,Medium,0,350,Compliance,100,EXPIRE
Identity,3,Verification,123,38,Medium,1,101,Temporary,56,RETAIN
Identity,5,Payment,1497,382,High,0,455,Temporary,100,EXPIRE
Contact,3,Verification,496,193,High,1,235,Temporary,93,RETAIN
Academic,3,Communication,1004,107,Medium,1,299,Legal,100,REVIEW
Contact,3,Registration,1285,1202,Medium,1,339,Compliance,100,EXPIRE
Location,4,Registration,465,36,Low,0,532,Temporary,100,REVIEW
Financial,5,Registration,1379,886,Medium,0,354,Temporary,100,EXPIRE
Other,4,Payment,1129,582,None,1,288,Compliance,100,EXPIRE
Other,3,Communication,710,428,Low,0,124,Temporary,100,REVIEW
Financial,4,Verification,752,609,None,0,11,Operational,100,EXPIRE
Location,5,Communication,9,2,None,1,337,Temporary,74,RETAIN
Financial,4,Academic,192,111,High,1,117,Temporary,78,RETAIN
Identity,4,Verification,571,409,Medium,0,494,Archive,100,REVIEW
Financial,3,Payment,1579,136,High,0,231,Operational,100,EXPIRE
Other,3,Payment,1139,595,High,0,499,Legal,100,EXPIRE
Contact,2,Navigation,308,132,None,0,411,Legal,84,RETAIN
Identity,5,Communication,155,126,Low,1,476,Legal,94,RETAIN
Academic,2,Academic,1384,392,Low,1,101,Operational,100,EXPIRE
Other,4,Navigation,1237,532,Low,0,123,Temporary,100,EXPIRE
Financial,4,Communication,896,223,Medium,0,59,Temporary,100,REVIEW
Location,5,Navigation,377,192,Medium,1,26,Temporary,95,REVIEW
Contact,4,Communication,796,635,None,1,501,Temporary,100,EXPIRE
Contact,2,Payment,341,300,Low,1,118,Archive,88,RETAIN
Other,3,Communication,1534,969,High,0,66,Temporary,100,EXPIRE
Contact,5,Other,1068,113,None,1,218,Compliance,100,REVIEW
Identity,4,Other,552,185,None,1,360,Temporary,100,REVIEW
Identity,5,Registration,917,132,High,1,285,Compliance,100,REVIEW
Identity,3,Payment,223,153,Low,0,205,Temporary,89,RETAIN
Identity,3,Payment,15,5,None,1,45,Temporary,58,RETAIN
Financial,5,Other,1567,850,Low,1,454,Operational,100,EXPIRE
Contact,2,Verification,1354,613,Medium,1,188,Legal,100,EXPIRE
Academic,4,Communication,386,116,Medium,1,42,Compliance,77,RETAIN
Financial,5,Registration,458,120,High,0,98,Compliance,100,REVIEW
Identity,4,Payment,401,325,Low,1,179,Legal,100,REVIEW
Other,3,Registration,679,612,Medium,0,431,Compliance,100,REVIEW
Location,4,Payment,1448,564,Medium,1,418,Legal,100,EXPIRE
Academic,2,Verification,1050,328,High,1,458,Temporary,100,REVIEW
Academic,3,Payment,217,145,High,1,285,Operational,73,RETAIN
Financial,5,Registration,133,95,Low,0,513,Temporary,100,REVIEW
Location,5,Communication,1359,251,Low,0,70,Operational,100,EXPIRE
Financial,5,Other,1204,194,Low,1,319,Temporary,100,EXPIRE
Academic,3,Academic,1456,1284,None,1,221,Legal,100,EXPIRE
Other,1,Registration,1302,529,Low,0,353,Temporary,100,EXPIRE
Identity,4,Communication,439,128,Medium,1,256,Compliance,85,RETAIN
Contact,4,Navigation,245,17,Medium,1,101,Legal,61,RETAIN
Academic,1,Registration,351,70,Low,0,86,Legal,64,RETAIN
Location,4,Other,943,621,Low,1,305,Operational,100,EXPIRE
Other,4,Payment,943,863,Low,1,283,Legal,100,EXPIRE
Academic,2,Communication,1228,390,Low,0,195,Archive,100,REVIEW
Location,5,Navigation,878,700,Medium,1,479,Compliance,100,EXPIRE
Other,3,Academic,767,429,High,0,347,Legal,100,REVIEW
Identity,4,Communication,229,116,Low,1,17,Temporary,78,RETAIN
Other,4,Payment,625,0,Medium,1,35,Operational,95,REVIEW
Financial,3,Registration,158,109,High,1,238,Archive,54,RETAIN
Contact,3,Navigation,758,544,Medium,1,225,Archive,100,EXPIRE
Financial,4,Payment,838,534,Low,0,175,Operational,100,EXPIRE
Identity,2,Registration,1582,639,Low,1,292,Archive,100,EXPIRE
Other,5,Registration,472,337,High,0,191,Legal,100,REVIEW
Other,5,Payment,294,213,High,0,74,Operational,100,REVIEW
Financial,5,Payment,167,152,None,1,512,Compliance,100,REVIEW
Academic,3,Payment,1337,1205,Low,1,502,Temporary,100,EXPIRE
Academic,1,Registration,1091,223,None,1,436,Temporary,100,REVIEW
Location,5,Registration,304,206,None,1,403,Operational,100,REVIEW
Contact,3,Communication,417,47,Medium,1,309,Temporary,66,EXPIRE
Contact,4,Other,750,136,Low,1,14,Compliance,100,REVIEW
Identity,5,Payment,965,856,None,0,225,Operational,100,EXPIRE
Academic,3,Verification,636,491,Medium,1,42,Compliance,100,REVIEW
Financial,5,Payment,1048,665,High,0,78,Compliance,100,EXPIRE
Location,4,Academic,732,625,Low,1,18,Legal,100,EXPIRE
Academic,1,Registration,299,136,Medium,0,367,Temporary,61,REVIEW
Financial,5,Other,447,259,High,0,238,Operational,100,REVIEW
Other,3,Payment,512,216,Low,0,441,Temporary,100,REVIEW
Academic,2,Verification,1291,905,High,1,474,Temporary,100,EXPIRE
Other,3,Academic,940,658,High,1,10,Temporary,100,EXPIRE
Location,5,Other,250,226,High,1,315,Archive,94,RETAIN
Contact,2,Verification,313,23,High,0,321,Compliance,64,RETAIN
Financial,5,Other,853,255,Medium,1,140,Legal,100,REVIEW
Contact,1,Communication,325,40,Low,1,302,Legal,46,RETAIN
Other,3,Other,1277,297,Low,0,156,Temporary,100,EXPIRE
Financial,5,Other,33,28,High,0,218,Archive,82,RETAIN
Location,3,Academic,323,287,Medium,1,16,Legal,87,RETAIN
Contact,2,Other,1035,972,Low,1,43,Temporary,100,EXPIRE
Contact,1,Verification,1273,650,Medium,1,439,Temporary,100,EXPIRE
Identity,3,Navigation,1168,401,High,0,249,Archive,100,EXPIRE
Financial,4,Academic,1599,109,Medium,1,356,Compliance,100,EXPIRE
Other,5,Navigation,502,351,Low,0,385,Operational,100,REVIEW
Other,5,Payment,1591,1184,Medium,1,69,Legal,100,EXPIRE
Location,4,Verification,455,400,None,1,51,Temporary,100,REVIEW
Contact,4,Registration,1168,228,Medium,1,484,Archive,100,REVIEW
Location,3,Registration,755,79,High,0,274,Operational,100,REVIEW
Academic,3,Academic,861,173,None,1,412,Operational,100,REVIEW
Location,4,Payment,289,127,High,1,458,Legal,92,RETAIN
Academic,1,Academic,955,260,High,0,256,Compliance,100,REVIEW
Other,5,Academic,262,129,Low,1,387,Legal,100,REVIEW
Location,5,Registration,1528,817,High,1,14,Legal,100,EXPIRE
Location,3,Navigation,982,235,None,0,142,Operational,100,REVIEW
Location,3,Verification,459,13,High,0,171,Archive,81,RETAIN
Academic,3,Verification,908,730,High,1,171,Operational,100,EXPIRE
Financial,5,Verification,246,215,Medium,1,493,Archive,100,REVIEW
Financial,5,Registration,887,650,None,0,310,Archive,100,EXPIRE
Other,3,Payment,377,126,Medium,0,86,Operational,84,RETAIN
Identity,4,Payment,664,237,Low,0,362,Temporary,100,REVIEW
Location,5,Registration,1598,1585,High,0,132,Archive,100,EXPIRE
Contact,1,Other,793,88,Medium,1,486,Operational,71,RETAIN
Financial,5,Other,1414,899,High,1,428,Operational,100,EXPIRE
Other,4,Registration,180,137,Low,1,538,Compliance,86,RETAIN
Contact,2,Other,10,2,None,1,197,Temporary,36,RETAIN
Financial,5,Navigation,31,20,Low,0,426,Compliance,95,REVIEW
Financial,5,Communication,1376,258,Low,1,410,Legal,100,EXPIRE
Location,5,Other,196,115,None,1,351,Compliance,93,RETAIN
Location,3,Academic,1174,99,Medium,0,227,Archive,100,REVIEW
Other,4,Verification,1158,1119,Medium,1,536,Compliance,100,EXPIRE
Location,5,Communication,1371,660,Medium,1,275,Temporary,100,EXPIRE
Location,3,Verification,586,539,None,1,227,Archive,100,REVIEW
Identity,4,Communication,1128,1105,None,0,141,Compliance,100,RETAIN
Financial,3,Payment,757,511,Low,0,140,Archive,100,REVIEW
Academic,1,Communication,1126,728,High,1,12,Operational,100,REVIEW
Identity,5,Registration,1571,1186,None,0,26,Archive,100,EXPIRE
Location,5,Academic,261,183,Low,0,455,Temporary,100,REVIEW
Other,3,Verification,944,71,Medium,0,368,Archive,100,REVIEW
Other,4,Navigation,1230,87,Medium,0,45,Legal,100,REVIEW
Other,3,Registration,1553,1133,None,1,115,Temporary,100,EXPIRE
Other,2,Other,531,6,Low,0,187,Archive,84,RETAIN
Financial,5,Payment,1193,383,High,1,463,Legal,100,EXPIRE
Identity,5,Navigation,486,35,Medium,1,438,Operational,96,REVIEW
Location,4,Verification,890,397,Medium,1,279,Legal,100,REVIEW
Other,5,Navigation,175,110,Medium,0,470,Operational,100,REVIEW
Contact,3,Registration,243,108,Medium,1,180,Legal,58,REVIEW
Other,4,Communication,275,48,High,1,124,Temporary,66,RETAIN
Identity,2,Communication,437,249,High,0,109,Operational,77,RETAIN
Other,5,Navigation,881,707,Low,1,74,Legal,100,EXPIRE
Financial,5,Verification,172,170,Medium,1,161,Legal,94,RETAIN
Financial,4,Navigation,701,406,None,0,224,Archive,100,EXPIRE
Financial,5,Payment,252,113,Low,1,463,Operational,100,REVIEW
Academic,1,Verification,654,86,Medium,0,48,Legal,73,EXPIRE
Financial,5,Academic,1239,1235,Low,1,192,Operational,100,EXPIRE
Financial,5,Verification,755,550,None,0,430,Archive,100,EXPIRE
Financial,5,Payment,270,129,None,0,286,Compliance,100,REVIEW
Other,3,Other,598,154,None,1,440,Temporary,98,REVIEW
Financial,5,Registration,752,596,Low,0,138,Compliance,100,EXPIRE
Other,2,Academic,552,232,Medium,1,191,Temporary,87,RETAIN
Contact,3,Navigation,1546,946,High,1,44,Legal,100,EXPIRE
Academic,3,Academic,656,105,Low,0,73,Operational,100,REVIEW
Other,4,Other,1209,824,None,1,33,Operational,100,EXPIRE
Location,3,Navigation,1246,454,Low,1,127,Temporary,100,EXPIRE
Location,5,Payment,1469,162,High,1,111,Temporary,100,EXPIRE
Financial,5,Registration,872,413,Low,0,222,Temporary,100,EXPIRE
Contact,3,Navigation,770,709,High,1,277,Legal,100,REVIEW
Contact,4,Academic,343,188,Medium,0,145,Operational,100,RETAIN
Financial,3,Academic,120,58,Low,1,408,Operational,73,RETAIN
Location,5,Communication,1477,1353,None,0,318,Archive,100,EXPIRE
Other,4,Communication,219,29,Medium,1,441,Temporary,67,RETAIN
Other,3,Other,373,67,High,1,106,Legal,61,RETAIN
Other,3,Registration,334,144,None,1,258,Archive,78,RETAIN
Identity,5,Communication,732,319,Low,1,315,Operational,100,REVIEW
Academic,4,Payment,685,19,None,1,391,Compliance,100,REVIEW
Other,4,Navigation,719,197,Low,0,361,Archive,100,REVIEW
Financial,4,Other,662,557,High,0,105,Compliance,100,REVIEW
Identity,5,Payment,282,93,Medium,1,447,Compliance,100,REVIEW
Identity,3,Verification,1406,616,Low,1,375,Compliance,100,EXPIRE
Identity,3,Communication,190,124,Low,0,79,Temporary,74,RETAIN
Contact,5,Communication,201,173,None,0,283,Compliance,100,REVIEW
Location,4,Verification,1292,652,None,1,479,Archive,100,EXPIRE
Academic,1,Payment,470,187,None,1,496,Legal,82,RETAIN
Location,5,Registration,389,227,Medium,0,283,Legal,100,REVIEW
Contact,3,Other,582,348,None,0,412,Legal,100,REVIEW
Academic,4,Other,1328,144,None,1,377,Legal,100,EXPIRE
Other,3,Navigation,707,369,Low,0,113,Compliance,100,REVIEW
Other,5,Navigation,1142,904,Medium,1,272,Archive,100,EXPIRE
Contact,4,Other,915,311,High,1,139,Legal,100,REVIEW
Academic,2,Verification,64,24,High,1,508,Temporary,47,RETAIN
Academic,3,Payment,1472,150,Low,1,357,Temporary,100,EXPIRE
Location,4,Other,304,103,High,1,122,Operational,72,RETAIN
Academic,3,Other,1008,667,High,1,264,Legal,100,EXPIRE
Academic,3,Communication,1572,992,Medium,0,107,Operational,100,EXPIRE
Identity,5,Other,850,471,High,0,259,Legal,100,EXPIRE
Location,3,Payment,455,337,Medium,0,133,Legal,100,REVIEW
Contact,5,Navigation,389,31,Low,0,125,Temporary,100,REVIEW
Identity,3,Navigation,338,79,Low,1,11,Temporary,70,RETAIN
Location,5,Payment,1294,91,None,0,175,Archive,100,EXPIRE
Location,4,Navigation,334,256,High,0,64,Archive,100,REVIEW
Location,3,Communication,392,120,None,0,184,Compliance,88,RETAIN
Contact,2,Navigation,11,3,High,0,268,Operational,45,RETAIN
Contact,2,Registration,1535,723,High,0,195,Operational,100,EXPIRE
Contact,4,Payment,267,250,None,1,355,Legal,100,REVIEW
Other,3,Payment,325,76,Medium,1,290,Archive,74,RETAIN
Academic,2,Academic,810,635,Low,0,518,Compliance,100,EXPIRE
Financial,5,Academic,749,471,Low,0,345,Legal,100,EXPIRE
Financial,5,Navigation,41,4,None,0,43,Temporary,88,RETAIN
Contact,2,Payment,588,526,High,0,108,Archive,100,REVIEW
Academic,1,Registration,506,281,Low,1,87,Archive,72,RETAIN
Academic,1,Academic,1024,1003,High,1,127,Compliance,100,EXPIRE
Location,5,Navigation,440,24,Medium,1,528,Legal,94,REVIEW
Contact,2,Other,483,209,None,0,158,Compliance,96,REVIEW
Identity,4,Communication,386,194,Low,1,163,Operational,95,REVIEW
Financial,5,Payment,358,142,Low,1,63,Operational,100,REVIEW
Other,4,Registration,695,289,Low,0,34,Temporary,100,REVIEW
Financial,5,Academic,1499,1244,Low,1,16,Legal,100,EXPIRE
Financial,5,Communication,37,20,None,0,374,Legal,86,RETAIN
Academic,3,Academic,471,318,None,0,403,Archive,100,REVIEW
Other,3,Registration,921,469,Medium,1,452,Compliance,100,REVIEW
Location,5,Verification,187,4,High,0,440,Legal,94,REVIEW
Location,5,Navigation,491,52,Low,0,431,Compliance,100,REVIEW
Financial,4,Academic,1466,744,High,1,502,Temporary,100,EXPIRE
Contact,5,Navigation,1556,778,Medium,1,36,Archive,100,EXPIRE
Contact,4,Verification,901,505,Low,0,145,Operational,100,EXPIRE
Identity,4,Other,934,835,High,0,154,Temporary,100,EXPIRE
Identity,3,Verification,101,35,None,1,287,Compliance,68,RETAIN
Identity,5,Communication,777,730,Medium,1,73,Legal,100,EXPIRE
Location,4,Communication,1194,297,None,1,348,Legal,100,EXPIRE
Academic,1,Academic,1189,207,High,1,32,Legal,100,REVIEW
Identity,4,Navigation,1052,580,Low,1,137,Legal,100,RETAIN
Other,1,Academic,849,383,High,0,404,Legal,100,REVIEW
Academic,3,Verification,191,168,None,1,526,Operational,89,RETAIN
Financial,5,Other,412,285,None,1,165,Compliance,100,REVIEW
Location,3,Verification,534,496,None,1,45,Archive,100,REVIEW
Financial,5,Academic,1457,466,Low,1,136,Operational,100,REVIEW
Contact,2,Navigation,164,56,Medium,1,238,Temporary,38,RETAIN
Academic,1,Navigation,86,0,Low,1,109,Archive,25,RETAIN
Academic,2,Communication,648,492,Medium,0,394,Temporary,100,EXPIRE
Financial,5,Registration,222,215,Low,1,487,Operational,100,REVIEW
Other,3,Payment,667,134,Medium,0,61,Temporary,100,REVIEW
Financial,5,Registration,712,535,Medium,0,473,Operational,100,EXPIRE
Financial,4,Other,1041,343,Medium,1,473,Archive,100,REVIEW
Contact,3,Verification,1427,1241,None,1,495,Compliance,100,EXPIRE
Other,5,Academic,1375,565,Low,0,495,Compliance,100,EXPIRE
Academic,3,Registration,1217,1165,Low,0,168,Temporary,100,EXPIRE
Financial,4,Registration,1256,762,Medium,1,275,Legal,100,EXPIRE
Location,5,Navigation,630,420,High,0,413,Operational,100,EXPIRE
Other,3,Academic,149,110,Medium,0,408,Legal,75,RETAIN
Identity,5,Verification,61,60,Medium,1,163,Archive,79,RETAIN
Contact,3,Other,555,158,Medium,1,78,Operational,79,RETAIN
Other,3,Academic,525,259,None,0,460,Archive,100,REVIEW
Identity,3,Other,964,243,High,1,85,Operational,100,REVIEW
Contact,2,Academic,715,114,Low,0,197,Operational,100,REVIEW
Academic,4,Registration,444,388,Low,1,334,Archive,100,REVIEW
Other,2,Communication,1117,808,High,0,406,Legal,100,EXPIRE
Contact,4,Navigation,1052,659,Medium,0,164,Archive,100,EXPIRE
Contact,3,Communication,460,376,Low,1,350,Archive,100,REVIEW
Identity,5,Communication,1522,360,Low,0,30,Archive,100,EXPIRE
Location,5,Registration,1317,39,Medium,0,325,Compliance,100,EXPIRE
Academic,3,Registration,347,203,High,1,437,Legal,77,RETAIN
Other,2,Registration,89,69,Medium,1,52,Compliance,32,RETAIN
Financial,5,Navigation,620,511,High,1,70,Compliance,100,REVIEW
Contact,3,Communication,599,412,None,0,28,Operational,100,REVIEW
Contact,2,Verification,884,346,Medium,1,92,Temporary,100,REVIEW
Location,4,Academic,176,136,Medium,1,183,Legal,80,RETAIN
Academic,1,Verification,1535,700,None,1,530,Operational,100,EXPIRE
Academic,1,Academic,1476,1376,None,0,351,Operational,100,EXPIRE
Academic,3,Verification,572,6,Low,0,175,Compliance,98,REVIEW
Contact,5,Verification,763,155,None,1,510,Temporary,100,REVIEW
Identity,5,Verification,1182,333,High,1,136,Archive,100,EXPIRE
Academic,2,Navigation,103,0,None,0,313,Archive,60,RETAIN
Contact,3,Registration,286,5,Medium,1,78,Temporary,51,RETAIN
Location,3,Verification,1202,889,Low,0,36,Temporary,100,EXPIRE
Academic,2,Payment,155,57,Medium,1,329,Archive,52,RETAIN
Other,2,Payment,1474,308,None,0,247,Legal,100,EXPIRE
Identity,4,Verification,1493,546,None,0,478,Legal,100,EXPIRE
Other,3,Payment,1193,597,Low,0,478,Operational,100,EXPIRE
Financial,5,Other,1464,1411,Low,1,170,Compliance,100,EXPIRE
Contact,3,Payment,181,84,Medium,0,289,Operational,72,RETAIN
Financial,5,Communication,255,150,Low,1,60,Temporary,94,RETAIN
Financial,4,Registration,1569,974,None,1,242,Temporary,100,EXPIRE
Location,3,Navigation,345,148,Low,1,365,Archive,81,RETAIN
Other,2,Verification,1527,1348,High,1,260,Archive,100,EXPIRE
Other,5,Communication,602,452,Low,0,165,Compliance,100,REVIEW
Identity,4,Other,24,14,Low,0,326,Compliance,81,RETAIN
Contact,4,Academic,1073,144,Low,1,525,Temporary,100,EXPIRE
Location,5,Registration,456,400,High,1,168,Operational,100,REVIEW
Academic,4,Registration,582,365,None,1,499,Archive,100,REVIEW
Location,3,Payment,1178,228,Medium,1,475,Archive,100,REVIEW
Identity,5,Academic,522,2,None,0,325,Legal,100,REVIEW
Academic,3,Academic,870,334,Medium,0,179,Legal,100,REVIEW
Academic,3,Verification,472,271,Low,0,226,Compliance,100,REVIEW
Contact,1,Payment,1460,831,None,0,344,Temporary,100,EXPIRE
Financial,5,Other,851,349,None,0,247,Archive,100,EXPIRE
Financial,4,Navigation,761,455,Medium,0,235,Legal,100,REVIEW
Identity,4,Other,1043,456,Medium,1,87,Compliance,100,REVIEW
Other,2,Payment,1012,448,Low,0,173,Temporary,100,REVIEW
Other,4,Payment,988,759,None,1,38,Operational,100,EXPIRE
Financial,5,Registration,114,97,None,0,280,Operational,100,REVIEW
Financial,5,Verification,270,105,None,0,431,Temporary,100,REVIEW
Financial,4,Academic,929,765,None,1,156,Temporary,100,EXPIRE
Identity,5,Navigation,303,109,Low,1,160,Legal,95,REVIEW
Other,2,Academic,1195,886,Low,1,162,Compliance,100,EXPIRE
Identity,5,Registration,1517,390,Medium,0,482,Legal,100,EXPIRE
Academic,4,Payment,579,364,Medium,1,339,Archive,100,REVIEW
Other,4,Payment,616,227,High,1,469,Archive,100,REVIEW
Contact,3,Academic,25,18,None,1,520,Legal,67,RETAIN
Contact,2,Navigation,386,206,Medium,0,463,Temporary,86,RETAIN
Contact,5,Payment,1366,807,None,0,30,Temporary,100,EXPIRE
Academic,2,Verification,663,535,High,0,420,Temporary,100,REVIEW
Location,5,Academic,513,504,High,1,372,Compliance,100,REVIEW
Contact,5,Verification,158,153,None,0,182,Temporary,100,EXPIRE
Other,5,Academic,1410,1085,Medium,1,227,Archive,100,EXPIRE
Identity,5,Registration,218,148,High,1,484,Compliance,90,RETAIN
Other,4,Verification,1462,245,Low,0,22,Legal,100,EXPIRE
Contact,4,Other,811,54,None,0,104,Compliance,100,REVIEW
Other,1,Academic,612,178,High,0,111,Temporary,78,RETAIN
Contact,3,Registration,690,165,None,1,35,Operational,98,REVIEW
Other,5,Academic,752,514,Low,1,452,Legal,100,EXPIRE
Academic,4,Academic,253,221,High,1,136,Operational,91,RETAIN
Academic,2,Payment,581,420,High,0,53,Archive,100,REVIEW
Other,5,Navigation,390,35,Medium,0,524,Archive,100,REVIEW
Other,5,Navigation,186,128,Low,1,77,Archive,88,RETAIN
Academic,2,Payment,1451,752,Medium,1,481,Compliance,100,EXPIRE
Academic,3,Academic,985,501,Low,0,394,Legal,100,EXPIRE
Financial,5,Academic,1245,92,Medium,0,368,Compliance,100,EXPIRE
Location,4,Communication,323,107,Low,1,276,Legal,87,RETAIN
Financial,4,Academic,726,265,Low,0,91,Legal,100,REVIEW
Contact,4,Communication,1073,948,Low,1,185,Legal,100,EXPIRE
Contact,5,Verification,1418,726,High,1,259,Operational,100,EXPIRE
Financial,5,Payment,908,136,Low,0,382,Archive,100,EXPIRE
Academic,3,Verification,1089,1083,High,1,467,Archive,100,RETAIN
Location,5,Academic,1058,543,Low,1,302,Compliance,100,REVIEW
Contact,4,Payment,1586,1067,Medium,0,184,Compliance,100,EXPIRE
Academic,1,Payment,1019,568,Low,1,259,Temporary,100,REVIEW
Identity,5,Navigation,704,124,None,1,386,Operational,100,REVIEW
Contact,4,Payment,1535,548,Low,1,214,Operational,100,EXPIRE
Academic,1,Academic,189,182,High,1,320,Compliance,51,EXPIRE
Academic,1,Academic,228,191,Low,1,289,Operational,64,EXPIRE
Academic,3,Verification,1319,613,Low,0,476,Temporary,100,EXPIRE
Location,3,Academic,1537,871,None,1,301,Operational,100,EXPIRE
Location,5,Payment,1412,1097,High,1,470,Compliance,100,REVIEW
Identity,4,Academic,498,279,Low,0,97,Legal,100,REVIEW
Academic,1,Verification,1587,1016,None,1,325,Operational,100,EXPIRE
Contact,2,Navigation,908,357,Medium,0,356,Operational,100,REVIEW
Academic,1,Communication,1305,1164,None,1,96,Temporary,100,EXPIRE
Location,5,Communication,1453,504,None,1,249,Archive,100,EXPIRE
Identity,5,Academic,874,74,None,0,174,Operational,100,RETAIN
Identity,4,Registration,497,481,Medium,1,46,Legal,100,REVIEW
Financial,5,Payment,476,183,Low,1,31,Compliance,100,REVIEW
Other,2,Payment,1209,438,Low,1,14,Legal,100,EXPIRE
Identity,5,Navigation,979,329,Medium,1,362,Compliance,100,REVIEW
Identity,5,Other,773,499,None,0,370,Archive,100,EXPIRE
Other,3,Payment,1223,710,High,0,441,Operational,100,EXPIRE
Academic,1,Payment,911,505,None,1,83,Compliance,100,REVIEW
Other,4,Academic,153,131,Low,0,412,Archive,99,REVIEW
Identity,3,Academic,94,93,None,0,280,Legal,78,RETAIN
Financial,5,Other,1172,155,Medium,0,475,Temporary,100,EXPIRE
Other,2,Navigation,1478,304,None,1,32,Compliance,100,REVIEW
Contact,5,Verification,588,515,Low,1,493,Legal,100,EXPIRE
Contact,3,Academic,9,6,High,0,423,Compliance,60,RETAIN
Academic,1,Communication,508,135,Low,1,274,Temporary,64,RETAIN
Location,3,Registration,45,16,None,1,358,Compliance,52,RETAIN
Identity,5,Other,1407,567,Low,1,89,Archive,100,EXPIRE
Contact,3,Academic,362,8,Low,1,184,Archive,79,REVIEW
Identity,3,Verification,1297,159,Medium,0,355,Operational,100,RETAIN
Other,2,Registration,53,6,Medium,1,509,Temporary,33,RETAIN
Location,3,Navigation,1361,474,None,1,395,Temporary,100,EXPIRE
Identity,5,Registration,1555,1128,Low,1,36,Compliance,100,EXPIRE
Financial,5,Verification,1194,236,Medium,0,457,Legal,100,EXPIRE
Financial,5,Verification,207,8,Low,0,335,Temporary,100,REVIEW
Financial,5,Registration,893,367,None,1,413,Legal,100,EXPIRE
Identity,2,Registration,90,45,Low,0,101,Operational,58,RETAIN
Contact,2,Other,9,8,Medium,1,61,Operational,24,RETAIN
Contact,3,Academic,441,145,High,0,138,Legal,90,RETAIN
Contact,3,Payment,303,228,None,1,254,Legal,95,REVIEW
Academic,3,Payment,1170,381,Medium,0,496,Legal,100,EXPIRE
Academic,2,Other,453,382,Low,1,299,Compliance,93,RETAIN
Identity,5,Registration,1103,6,Medium,1,112,Compliance,100,REVIEW
Other,4,Payment,1176,541,High,0,191,Legal,100,EXPIRE
Other,3,Academic,685,536,Low,0,287,Legal,100,REVIEW
Other,3,Communication,37,1,High,0,288,Legal,50,RETAIN
Location,5,Verification,1151,149,Low,0,423,Legal,100,EXPIRE
Contact,2,Verification,858,416,High,1,30,Compliance,100,REVIEW
Academic,2,Other,1583,81,Medium,1,172,Compliance,100,REVIEW
Contact,4,Registration,620,245,None,1,161,Temporary,100,EXPIRE
Financial,5,Academic,1010,604,High,1,139,Legal,100,EXPIRE
Location,3,Navigation,698,282,Low,1,154,Compliance,100,REVIEW
Location,3,Navigation,1366,663,None,1,173,Compliance,100,EXPIRE
Financial,5,Other,1309,1073,None,1,58,Temporary,100,EXPIRE
Academic,4,Payment,794,449,High,1,348,Compliance,100,REVIEW
Identity,3,Navigation,146,37,High,0,195,Legal,65,RETAIN
Contact,2,Academic,742,318,Low,0,197,Compliance,100,REVIEW
Other,2,Other,772,550,None,0,246,Temporary,100,REVIEW
Academic,2,Communication,1341,247,None,0,257,Temporary,100,EXPIRE
Financial,4,Payment,950,778,None,1,217,Legal,100,EXPIRE
Location,5,Payment,676,40,Low,1,417,Legal,100,REVIEW
Other,4,Academic,1248,629,None,1,523,Operational,100,EXPIRE
Other,5,Academic,1452,1376,High,1,67,Legal,100,EXPIRE
Other,3,Payment,695,670,High,1,115,Archive,100,REVIEW
Location,5,Academic,143,10,Medium,0,43,Operational,84,RETAIN
Other,5,Registration,67,63,High,0,88,Temporary,84,RETAIN
Location,5,Other,782,501,Medium,1,134,Operational,100,REVIEW
Contact,4,Verification,600,110,High,0,458,Operational,100,REVIEW
Financial,5,Verification,1532,410,Medium,1,457,Legal,100,EXPIRE
Contact,3,Communication,736,111,Medium,0,387,Archive,100,REVIEW
Other,3,Communication,455,399,Medium,0,230,Legal,100,REVIEW
Academic,3,Payment,995,914,None,1,413,Legal,100,EXPIRE
Contact,3,Communication,1508,154,Medium,1,308,Operational,100,REVIEW
Other,2,Navigation,1511,1313,High,1,198,Operational,100,EXPIRE
Contact,4,Navigation,1409,392,None,0,178,Legal,100,EXPIRE
Location,4,Registration,1076,942,Low,1,162,Compliance,100,EXPIRE
Academic,3,Navigation,1205,736,None,0,283,Operational,100,EXPIRE
Other,2,Other,670,91,Medium,1,340,Temporary,73,RETAIN
Identity,5,Navigation,1269,588,None,0,294,Archive,100,EXPIRE
Contact,1,Registration,132,69,None,0,110,Legal,51,RETAIN
Other,4,Verification,339,142,None,0,287,Compliance,100,REVIEW
Location,3,Navigation,154,69,Low,0,115,Legal,76,RETAIN
Academic,2,Payment,1071,442,High,1,493,Temporary,100,RETAIN
Financial,5,Other,219,202,Low,1,175,Temporary,98,REVIEW
Location,4,Payment,193,97,High,0,174,Operational,84,RETAIN
Location,5,Payment,1340,1073,High,1,16,Temporary,100,EXPIRE
Location,5,Navigation,583,443,None,1,164,Archive,100,REVIEW
Financial,5,Other,1195,880,Low,0,438,Compliance,100,EXPIRE
Other,4,Registration,531,379,Medium,0,149,Compliance,100,REVIEW
Other,4,Payment,1526,1194,High,1,40,Legal,100,EXPIRE
Academic,1,Navigation,12,0,High,1,428,Compliance,18,RETAIN
Contact,4,Verification,744,737,High,0,9,Archive,100,EXPIRE
Other,4,Registration,734,15,Low,1,535,Legal,100,REVIEW
Location,3,Communication,1356,121,None,1,141,Compliance,100,REVIEW
Contact,5,Payment,109,35,Low,0,315,Archive,99,EXPIRE
Other,1,Other,1089,641,High,0,313,Temporary,100,REVIEW
Identity,5,Registration,240,3,Low,0,489,Legal,100,REVIEW
Financial,5,Communication,386,173,Low,1,30,Temporary,100,REVIEW
Financial,5,Registration,43,0,Medium,1,162,Operational,62,RETAIN
Contact,2,Payment,802,359,Medium,1,98,Archive,100,REVIEW
Location,5,Registration,1427,264,None,0,389,Compliance,100,EXPIRE
Identity,2,Academic,83,46,None,1,391,Operational,58,RETAIN
Other,5,Other,126,101,None,1,239,Archive,86,RETAIN
Location,3,Other,207,93,Low,1,195,Compliance,65,RETAIN
Other,4,Academic,920,701,Medium,0,408,Archive,100,EXPIRE
Identity,5,Navigation,429,260,Low,0,237,Temporary,100,REVIEW
Financial,5,Verification,1535,540,High,0,332,Legal,100,EXPIRE
Financial,5,Navigation,904,3,None,0,522,Operational,100,REVIEW
Location,5,Communication,696,213,High,0,418,Operational,100,REVIEW
Other,2,Registration,131,51,Medium,1,16,Archive,33,RETAIN
Contact,4,Verification,169,102,High,1,297,Temporary,79,REVIEW
Academic,2,Communication,815,135,None,0,392,Temporary,100,REVIEW
Contact,2,Academic,27,7,Medium,1,437,Operational,42,RETAIN
Identity,2,Registration,1455,1440,Medium,0,204,Operational,100,EXPIRE
Location,3,Payment,1002,882,Medium,0,315,Compliance,100,EXPIRE
Contact,4,Communication,1270,68,Low,1,384,Archive,100,REVIEW
Academic,3,Communication,150,14,None,1,45,Archive,53,RETAIN
Other,4,Payment,1582,996,Medium,1,162,Compliance,100,EXPIRE
Identity,5,Payment,867,683,Low,1,233,Legal,100,EXPIRE
Other,5,Other,408,293,Medium,0,514,Compliance,100,REVIEW
Other,3,Academic,393,126,Medium,1,278,Legal,82,RETAIN
Academic,2,Other,1426,925,None,1,319,Legal,100,EXPIRE
Financial,5,Payment,869,193,Low,0,195,Archive,100,EXPIRE
Other,3,Payment,722,558,None,0,477,Archive,100,EXPIRE
Identity,4,Registration,768,94,Low,0,391,Archive,100,REVIEW
Contact,5,Verification,196,67,Low,1,240,Temporary,99,REVIEW
Location,3,Payment,245,37,Medium,1,463,Temporary,70,RETAIN
Location,5,Payment,1184,480,High,0,199,Compliance,100,EXPIRE
Identity,4,Communication,113,14,Low,1,232,Operational,66,RETAIN
Identity,5,Verification,925,615,High,1,412,Archive,100,EXPIRE
Financial,5,Verification,225,3,High,0,325,Operational,94,RETAIN
Contact,3,Communication,97,74,None,1,197,Temporary,57,RETAIN
Identity,4,Navigation,180,124,None,1,15,Temporary,76,RETAIN
Academic,2,Academic,131,47,High,0,158,Compliance,52,RETAIN
Other,4,Verification,950,864,High,1,368,Archive,100,EXPIRE
Location,4,Navigation,1311,351,Low,1,54,Compliance,100,EXPIRE
Other,3,Other,845,325,High,1,217,Operational,100,REVIEW
Financial,5,Verification,615,356,Medium,1,314,Legal,100,REVIEW
Identity,5,Navigation,1142,865,None,1,458,Legal,100,EXPIRE
Contact,4,Registration,1011,200,Medium,0,527,Temporary,100,REVIEW
Other,3,Registration,509,337,Low,1,269,Temporary,100,REVIEW
Other,3,Verification,1520,1034,Low,0,412,Temporary,100,EXPIRE
Identity,3,Communication,1163,583,Low,0,109,Compliance,100,EXPIRE
Contact,5,Communication,1053,1034,High,1,253,Temporary,100,EXPIRE
Financial,3,Navigation,1034,890,Medium,0,337,Legal,100,EXPIRE
Financial,5,Academic,1558,420,Low,1,146,Temporary,100,EXPIRE
Financial,5,Other,1162,815,Medium,0,534,Temporary,100,EXPIRE
Financial,4,Payment,355,27,Low,1,214,Archive,93,RETAIN
Other,4,Communication,743,302,Low,1,81,Legal,100,REVIEW
Contact,2,Registration,180,59,None,0,204,Temporary,67,RETAIN
Financial,5,Navigation,454,234,Medium,0,30,Legal,100,REVIEW
Location,5,Communication,701,86,Low,1,230,Compliance,100,EXPIRE
Contact,4,Other,174,168,None,0,263,Operational,100,REVIEW
Academic,4,Other,1419,603,Medium,0,147,Compliance,100,EXPIRE
Location,4,Other,102,77,None,1,61,Temporary,67,RETAIN
Location,5,Verification,833,789,Low,1,198,Legal,100,EXPIRE
Academic,2,Payment,1307,349,Medium,0,437,Archive,100,EXPIRE
Financial,5,Academic,916,610,Low,0,401,Archive,100,EXPIRE
Other,4,Verification,449,315,Medium,0,94,Legal,100,REVIEW
Financial,5,Navigation,357,60,Low,0,145,Temporary,100,REVIEW
Contact,2,Communication,1157,1108,Medium,0,372,Legal,100,EXPIRE
Identity,5,Other,1034,70,High,0,151,Archive,100,REVIEW
Financial,5,Other,612,473,High,0,498,Legal,100,EXPIRE
Other,4,Other,1136,1098,Low,0,70,Compliance,100,EXPIRE
Academic,2,Other,880,123,Low,0,162,Operational,100,REVIEW
Academic,2,Payment,1067,102,High,1,308,Archive,100,REVIEW
Contact,4,Academic,1238,1103,Low,1,457,Archive,100,EXPIRE
Academic,4,Verification,1394,274,High,0,425,Legal,100,EXPIRE
Other,3,Communication,1226,1221,Low,0,109,Compliance,100,RETAIN
Identity,3,Other,205,14,Low,0,140,Compliance,75,RETAIN
Identity,5,Academic,844,330,High,0,467,Operational,100,EXPIRE
Academic,3,Registration,846,2,High,1,452,Archive,92,RETAIN
Identity,4,Navigation,118,108,High,1,218,Legal,63,RETAIN
Academic,2,Other,842,22,Medium,0,21,Compliance,91,RETAIN
Other,3,Other,772,459,None,1,151,Compliance,100,REVIEW
Location,5,Payment,1297,1,Medium,1,129,Compliance,100,REVIEW
Identity,5,Registration,165,133,Medium,0,124,Archive,96,REVIEW
Identity,3,Registration,731,169,None,0,519,Temporary,100,REVIEW
Financial,5,Navigation,467,457,High,1,290,Operational,100,REVIEW
Identity,4,Verification,507,434,High,0,81,Operational,100,REVIEW
Financial,3,Verification,438,62,None,1,73,Archive,86,RETAIN
Location,4,Other,25,17,None,1,361,Legal,63,RETAIN
Contact,4,Communication,739,602,None,0,220,Temporary,100,EXPIRE
Academic,4,Academic,629,500,High,0,117,Legal,100,REVIEW
Academic,2,Verification,290,283,Low,1,386,Compliance,89,RETAIN
Financial,5,Academic,57,15,Medium,1,262,Temporary,77,RETAIN
Other,3,Communication,1326,758,High,1,40,Operational,100,EXPIRE
Identity,5,Registration,540,237,None,0,307,Compliance,100,REVIEW
Identity,5,Navigation,954,855,Medium,0,210,Archive,100,EXPIRE
Contact,3,Payment,11,3,High,0,123,Operational,54,RETAIN
Other,3,Communication,1350,1149,Low,1,169,Compliance,100,EXPIRE
Location,4,Verification,495,228,Medium,1,267,Operational,100,REVIEW
Academic,2,Registration,539,384,None,1,414,Legal,100,REVIEW
Other,3,Communication,1222,430,Medium,0,118,Compliance,100,EXPIRE
Identity,5,Other,1455,1176,None,0,403,Archive,100,EXPIRE
Other,2,Other,938,329,Low,0,233,Legal,100,REVIEW
Identity,5,Communication,1053,207,Low,1,291,Temporary,100,EXPIRE
Location,5,Registration,1039,869,Low,1,199,Temporary,100,EXPIRE
Other,3,Other,715,185,High,0,239,Operational,100,REVIEW
Identity,4,Communication,1026,333,Low,0,93,Operational,100,EXPIRE
Location,5,Verification,788,306,High,0,334,Temporary,100,EXPIRE
Contact,4,Payment,145,54,Low,1,190,Compliance,82,RETAIN
Other,3,Payment,870,41,None,1,196,Legal,100,REVIEW
Other,4,Academic,1566,941,Medium,1,441,Archive,100,EXPIRE
Academic,2,Registration,313,78,None,1,91,Compliance,56,RETAIN
Location,3,Payment,1174,31,None,1,177,Legal,100,REVIEW
Other,2,Academic,315,203,Low,0,319,Legal,89,RETAIN
Location,4,Payment,599,507,High,1,310,Compliance,100,REVIEW
Academic,2,Payment,1579,224,High,1,458,Legal,100,EXPIRE
Location,4,Navigation,468,399,Low,1,332,Legal,100,REVIEW
Identity,5,Other,1139,401,None,0,267,Archive,100,EXPIRE
Contact,4,Verification,246,13,High,0,177,Operational,80,RETAIN
Other,5,Payment,1469,506,None,1,457,Legal,100,EXPIRE
Identity,5,Communication,855,523,Low,0,401,Temporary,100,EXPIRE
Identity,3,Registration,1492,264,High,0,507,Temporary,100,EXPIRE
Other,3,Registration,328,87,None,1,448,Compliance,77,RETAIN
Location,5,Verification,127,78,High,0,118,Compliance,89,RETAIN
Identity,4,Other,545,289,High,1,248,Archive,100,REVIEW
Academic,2,Registration,619,345,Low,1,392,Legal,100,REVIEW
Location,5,Registration,41,39,None,1,251,Operational,76,RETAIN
Financial,5,Communication,1308,955,Medium,0,193,Operational,100,EXPIRE
Financial,5,Payment,339,27,High,1,159,Legal,93,RETAIN
Other,4,Other,1549,756,None,0,77,Temporary,100,EXPIRE
Location,5,Registration,88,31,Low,1,16,Operational,75,RETAIN
Location,3,Registration,131,4,Medium,0,91,Legal,60,RETAIN
Location,4,Academic,1133,302,None,1,184,Legal,100,EXPIRE
Academic,4,Academic,576,474,Low,1,105,Archive,100,REVIEW
Contact,5,Other,1480,735,Low,0,472,Compliance,100,EXPIRE
Contact,2,Navigation,101,8,High,1,517,Compliance,36,RETAIN
Financial,5,Payment,1512,311,None,1,130,Legal,100,EXPIRE
Academic,1,Verification,799,179,High,1,146,Temporary,84,RETAIN
Contact,5,Other,1437,654,Low,1,328,Archive,100,EXPIRE
Other,3,Navigation,269,86,Medium,1,281,Archive,60,RETAIN
Identity,5,Other,943,491,None,0,164,Legal,100,RETAIN
Location,5,Communication,1337,595,None,0,383,Compliance,100,RETAIN
Identity,3,Verification,453,316,Low,0,267,Temporary,100,REVIEW
Location,5,Registration,1599,1485,High,0,450,Legal,100,EXPIRE
Academic,1,Communication,695,692,None,1,59,Operational,100,REVIEW
Financial,5,Other,1366,975,Medium,1,89,Legal,100,EXPIRE
Location,4,Payment,756,257,Low,1,347,Operational,100,REVIEW
Identity,5,Payment,454,244,Medium,0,396,Archive,100,REVIEW
Identity,4,Registration,916,678,None,0,312,Archive,100,EXPIRE
Contact,2,Other,1250,343,Medium,1,533,Archive,100,REVIEW
Academic,2,Navigation,715,372,None,1,262,Operational,100,REVIEW
Financial,5,Registration,1466,33,Medium,0,208,Operational,100,EXPIRE
Financial,3,Registration,750,120,None,0,18,Compliance,100,REVIEW
Other,2,Verification,1438,965,Medium,1,392,Compliance,100,EXPIRE
Financial,5,Verification,912,667,Medium,1,107,Archive,100,EXPIRE
Location,5,Payment,1357,1016,Medium,0,76,Legal,100,EXPIRE
Contact,4,Verification,765,547,High,0,280,Compliance,100,EXPIRE
Academic,1,Other,95,51,Low,1,505,Temporary,37,RETAIN
Identity,5,Registration,1104,851,Medium,1,211,Legal,100,RETAIN
Contact,1,Communication,412,137,Medium,1,519,Operational,53,RETAIN
Academic,2,Navigation,1514,984,Low,0,141,Archive,100,EXPIRE
Other,3,Communication,434,23,Low,1,66,Operational,71,RETAIN
Other,3,Payment,354,224,Medium,0,19,Operational,90,RETAIN
Location,5,Academic,1411,1289,None,1,163,Temporary,100,EXPIRE
Financial,5,Other,59,38,Medium,0,222,Archive,84,RETAIN
Identity,3,Other,344,123,None,0,11,Compliance,91,EXPIRE
Academic,2,Verification,226,58,Medium,1,458,Archive,58,RETAIN
Academic,2,Verification,234,140,High,0,179,Compliance,66,RETAIN
Location,5,Other,35,28,None,0,335,Legal,94,RETAIN
Contact,3,Communication,960,34,High,0,25,Compliance,100,REVIEW
Financial,5,Other,1103,858,None,1,41,Legal,100,EXPIRE
Other,4,Verification,1069,408,Low,1,473,Archive,100,EXPIRE
Location,5,Payment,1517,1281,Medium,0,177,Compliance,100,EXPIRE
Identity,4,Communication,89,14,High,0,516,Temporary,70,RETAIN
Financial,5,Navigation,1502,1332,Medium,1,314,Legal,100,EXPIRE
Identity,5,Navigation,916,446,Low,1,392,Archive,100,EXPIRE
Location,5,Payment,135,34,Low,1,40,Archive,90,RETAIN
Contact,5,Academic,356,149,Medium,1,261,Operational,100,REVIEW
Contact,4,Academic,272,38,Low,1,300,Temporary,90,RETAIN
Other,5,Navigation,233,141,Low,0,258,Operational,100,REVIEW
Location,5,Navigation,406,70,High,1,505,Operational,95,REVIEW
Financial,5,Navigation,1541,317,High,0,210,Archive,100,EXPIRE
Location,5,Navigation,1267,30,Medium,1,451,Operational,100,REVIEW
Academic,2,Verification,51,4,Low,1,516,Operational,55,RETAIN
Contact,3,Payment,1073,890,None,0,66,Archive,100,EXPIRE
Identity,5,Other,1028,32,Low,1,110,Temporary,100,REVIEW
Location,5,Communication,13,5,Low,1,422,Operational,76,RETAIN
Contact,1,Verification,864,193,High,0,250,Compliance,97,REVIEW
Location,3,Other,903,360,High,1,463,Archive,100,REVIEW
Identity,5,Communication,244,191,Medium,1,86,Operational,87,RETAIN
Identity,4,Academic,884,652,None,1,241,Temporary,100,EXPIRE
Financial,5,Payment,1306,858,High,0,378,Compliance,100,EXPIRE
Other,3,Payment,911,739,Low,1,463,Temporary,100,EXPIRE
Other,3,Verification,1454,848,None,1,161,Operational,100,EXPIRE
Other,5,Communication,1197,304,Medium,0,156,Operational,100,EXPIRE
Identity,4,Registration,1564,1472,Medium,1,138,Temporary,100,EXPIRE
Other,4,Other,684,307,None,0,360,Operational,100,REVIEW
Identity,4,Academic,666,336,High,1,125,Archive,100,REVIEW
Other,5,Payment,865,851,None,0,18,Compliance,100,EXPIRE
Academic,3,Communication,252,185,None,0,136,Temporary,84,RETAIN
Financial,4,Payment,1286,1132,Low,1,64,Operational,100,EXPIRE
Location,4,Academic,471,445,High,1,23,Archive,100,REVIEW
Location,4,Academic,886,482,Low,0,190,Legal,100,EXPIRE
Academic,3,Navigation,993,573,High,1,176,Compliance,100,REVIEW
Other,4,Navigation,235,94,High,1,91,Archive,67,RETAIN
Financial,5,Verification,534,322,Low,1,186,Operational,100,REVIEW
Academic,2,Other,1402,561,Low,1,250,Compliance,100,RETAIN
Contact,3,Other,458,207,None,0,143,Compliance,100,REVIEW
Contact,3,Payment,65,16,High,1,429,Operational,57,RETAIN
Contact,4,Academic,980,853,None,1,485,Compliance,100,EXPIRE
Academic,1,Navigation,1452,267,High,0,320,Archive,100,RETAIN
Other,2,Registration,738,399,High,0,72,Temporary,100,REVIEW
Academic,4,Verification,438,199,None,1,399,Legal,100,REVIEW
Financial,5,Communication,351,93,Medium,0,48,Compliance,95,REVIEW
Financial,4,Verification,1454,557,High,0,356,Temporary,100,EXPIRE
Identity,4,Communication,574,403,Medium,0,216,Legal,100,REVIEW
Financial,5,Registration,1525,1264,None,1,278,Archive,100,EXPIRE
Other,3,Navigation,1397,1286,High,0,390,Archive,100,EXPIRE
Other,3,Payment,1042,703,Low,0,509,Compliance,100,EXPIRE
Identity,3,Registration,1158,509,None,0,9,Legal,100,EXPIRE
Contact,2,Academic,273,70,Medium,1,81,Operational,55,RETAIN
Identity,5,Registration,1556,260,Medium,0,200,Operational,100,EXPIRE
Location,4,Academic,1492,17,Low,1,245,Archive,100,EXPIRE
Academic,4,Payment,55,3,Medium,0,453,Operational,74,RETAIN
Financial,4,Communication,1505,1063,None,1,157,Legal,100,EXPIRE
Financial,5,Registration,1084,553,Medium,1,459,Operational,100,EXPIRE
Identity,3,Navigation,840,599,None,0,370,Archive,100,EXPIRE
Location,5,Other,627,278,Medium,0,219,Compliance,100,REVIEW
Other,4,Academic,323,263,High,0,457,Legal,100,REVIEW
Contact,5,Navigation,428,40,Low,1,467,Temporary,100,REVIEW
Financial,5,Registration,372,247,High,0,27,Archive,100,REVIEW
Financial,5,Verification,33,23,Low,0,297,Compliance,93,RETAIN
Other,5,Navigation,1151,99,Medium,1,125,Temporary,100,REVIEW
Location,5,Academic,475,157,Medium,1,340,Compliance,100,REVIEW
Contact,3,Navigation,392,307,Low,1,484,Legal,99,REVIEW
Other,4,Payment,1105,403,None,1,307,Compliance,100,EXPIRE
Identity,4,Verification,787,740,None,0,309,Temporary,100,EXPIRE
Location,4,Academic,676,629,High,0,118,Operational,100,EXPIRE
Other,4,Other,629,241,High,0,408,Legal,100,REVIEW
Identity,5,Payment,632,192,High,0,385,Temporary,100,REVIEW
Location,4,Payment,1209,532,High,1,26,Temporary,100,EXPIRE
Other,5,Verification,46,19,None,1,291,Operational,87,RETAIN
Financial,5,Academic,15,12,None,0,345,Archive,93,RETAIN
Academic,1,Payment,1037,598,High,0,74,Archive,100,REVIEW
Other,3,Registration,164,23,Low,1,63,Operational,55,RETAIN
Financial,5,Verification,712,55,High,1,288,Operational,100,REVIEW
Other,2,Navigation,1198,43,Medium,0,273,Temporary,100,REVIEW
Other,4,Academic,579,348,Medium,1,164,Archive,100,REVIEW
Other,2,Academic,1500,337,Medium,1,133,Operational,100,EXPIRE
Financial,5,Communication,1487,1056,High,0,111,Temporary,100,EXPIRE
Financial,5,Registration,974,949,Low,0,500,Archive,100,EXPIRE
Contact,3,Academic,106,44,Low,1,302,Compliance,69,RETAIN
Academic,2,Communication,415,142,Low,1,409,Legal,74,RETAIN
Other,2,Registration,222,183,High,1,56,Operational,49,RETAIN
Location,5,Registration,998,315,High,0,343,Operational,100,EXPIRE
Contact,3,Communication,911,503,None,1,130,Archive,100,REVIEW
Financial,5,Navigation,1561,1404,None,1,452,Archive,100,EXPIRE
Contact,3,Payment,310,23,High,0,483,Operational,79,RETAIN
Location,4,Academic,408,392,High,1,126,Temporary,100,REVIEW
Identity,4,Other,1069,441,Low,0,339,Temporary,100,EXPIRE
Academic,1,Payment,1479,1248,High,1,393,Legal,100,EXPIRE
Financial,4,Navigation,522,11,None,1,529,Legal,96,REVIEW
Location,4,Academic,637,427,Low,0,160,Archive,100,REVIEW
Identity,5,Other,1333,809,None,1,133,Legal,100,EXPIRE
Other,3,Academic,1299,1232,Low,0,187,Operational,100,EXPIRE
Contact,2,Registration,1289,899,None,0,93,Compliance,100,EXPIRE
Location,3,Payment,1478,450,Medium,0,11,Temporary,100,EXPIRE
Contact,4,Navigation,1200,447,High,0,38,Temporary,100,EXPIRE
Other,5,Communication,269,130,None,1,273,Operational,97,REVIEW
Financial,4,Academic,1169,710,High,0,408,Operational,100,EXPIRE
Location,5,Registration,16,9,Medium,1,202,Legal,62,RETAIN
Academic,3,Payment,1543,940,High,1,359,Legal,100,EXPIRE
Other,2,Navigation,514,501,Medium,1,394,Legal,98,REVIEW
Financial,5,Academic,1481,1170,Low,1,41,Compliance,100,EXPIRE
Identity,3,Navigation,1016,170,None,0,220,Temporary,100,REVIEW
Financial,5,Other,1518,165,Low,1,247,Legal,100,EXPIRE
Other,3,Payment,1500,3,None,0,190,Temporary,100,EXPIRE
Financial,5,Academic,1204,1003,None,0,230,Legal,100,EXPIRE
Identity,5,Other,480,151,Low,1,23,Archive,100,REVIEW
Contact,5,Verification,1392,1035,Low,1,524,Temporary,100,EXPIRE
Other,5,Verification,778,674,High,0,121,Temporary,100,EXPIRE
Location,4,Communication,307,27,Medium,1,381,Compliance,71,RETAIN
Contact,5,Payment,592,64,None,0,220,Compliance,100,REVIEW
Identity,5,Other,568,313,High,1,169,Legal,100,REVIEW
Contact,2,Verification,1131,1022,Low,0,477,Legal,100,EXPIRE
Contact,4,Verification,1079,898,None,0,19,Temporary,100,EXPIRE
Academic,2,Other,686,255,Low,0,302,Archive,100,REVIEW
Identity,4,Communication,188,62,Low,1,152,Operational,72,RETAIN
Contact,4,Payment,355,256,None,1,452,Operational,100,REVIEW
Financial,5,Registration,174,146,Low,1,187,Operational,91,RETAIN
Contact,3,Payment,937,530,None,1,363,Operational,100,EXPIRE
Financial,4,Verification,864,575,Medium,0,471,Archive,100,EXPIRE
Financial,4,Navigation,1084,637,Medium,0,451,Archive,100,EXPIRE
Academic,3,Other,1408,963,Medium,0,82,Compliance,100,EXPIRE
Location,3,Communication,469,388,Medium,0,509,Temporary,100,REVIEW
Contact,5,Registration,843,552,Medium,1,522,Operational,100,EXPIRE
Location,3,Navigation,1542,892,Medium,1,118,Temporary,100,EXPIRE
Financial,5,Payment,1041,816,Low,0,231,Compliance,100,EXPIRE
Other,4,Payment,493,4,Low,1,498,Archive,100,RETAIN
Financial,5,Communication,177,58,High,0,323,Temporary,87,RETAIN
Contact,2,Other,803,63,Low,0,514,Compliance,100,REVIEW
Location,5,Navigation,1049,581,Medium,0,126,Legal,100,EXPIRE
Identity,4,Communication,1100,574,High,1,199,Operational,100,EXPIRE
Academic,1,Registration,453,175,None,0,250,Compliance,81,RETAIN
Academic,1,Academic,1329,231,Medium,0,447,Operational,100,REVIEW
Academic,4,Academic,102,29,High,0,188,Operational,73,RETAIN
Other,5,Communication,1435,868,Medium,1,287,Temporary,100,EXPIRE
Other,1,Other,30,25,High,1,476,Compliance,20,RETAIN
Financial,5,Registration,962,231,None,0,511,Operational,100,EXPIRE
Contact,3,Communication,1536,879,Low,0,338,Archive,100,EXPIRE
Other,2,Navigation,761,469,None,0,201,Compliance,100,REVIEW
Financial,5,Verification,1313,324,Medium,0,395,Operational,100,EXPIRE
Financial,4,Verification,1557,1451,None,1,401,Archive,100,EXPIRE
Identity,3,Registration,412,29,None,1,160,Operational,71,RETAIN
Other,3,Communication,1376,1026,High,0,300,Legal,100,EXPIRE
Location,5,Registration,1278,730,Medium,0,434,Temporary,100,EXPIRE
Other,3,Academic,1456,1273,High,1,169,Archive,100,EXPIRE
Other,3,Navigation,589,396,High,1,448,Legal,100,REVIEW
Financial,5,Payment,1517,1217,Medium,0,220,Operational,100,REVIEW
Location,5,Registration,15,2,Low,1,318,Operational,74,REVIEW
Location,4,Academic,772,108,None,1,240,Archive,100,REVIEW
Location,2,Communication,1394,497,Low,1,176,Legal,100,EXPIRE
Academic,2,Payment,98,40,High,1,292,Operational,46,RETAIN
Contact,4,Payment,670,647,None,0,355,Operational,100,EXPIRE
Contact,4,Registration,1125,723,High,1,44,Archive,100,EXPIRE
Location,5,Academic,285,248,Medium,0,103,Legal,100,REVIEW
Location,4,Payment,1312,64,High,0,168,Operational,100,REVIEW
Financial,5,Communication,827,313,None,0,253,Temporary,100,EXPIRE
Location,4,Registration,18,9,None,1,14,Compliance,58,EXPIRE
Contact,3,Communication,1550,588,Medium,1,371,Compliance,100,EXPIRE
Financial,5,Payment,1518,1313,High,1,122,Operational,100,EXPIRE
Identity,4,Registration,61,34,High,1,233,Operational,54,RETAIN
Contact,5,Academic,122,59,Medium,1,270,Legal,85,RETAIN
Contact,2,Other,61,21,Medium,1,532,Operational,35,RETAIN
Identity,5,Registration,1075,876,High,0,107,Temporary,100,EXPIRE
Location,5,Academic,719,177,Medium,0,74,Legal,100,RETAIN
Identity,4,Academic,912,297,None,1,13,Temporary,100,REVIEW
Academic,1,Navigation,574,306,None,1,233,Operational,81,RETAIN
Financial,5,Registration,546,260,None,1,230,Compliance,100,RETAIN
Contact,4,Communication,750,98,Low,0,426,Operational,100,RETAIN
Financial,4,Registration,146,77,High,0,28,Operational,78,RETAIN
Financial,5,Payment,811,357,High,0,366,Operational,100,EXPIRE
Other,2,Communication,34,18,Medium,1,208,Archive,27,RETAIN
Academic,2,Academic,536,20,High,0,222,Temporary,75,RETAIN
Academic,3,Registration,1372,778,Medium,0,220,Legal,100,EXPIRE
Other,3,Navigation,1156,526,Low,0,117,Archive,100,EXPIRE
Other,3,Registration,786,130,None,1,216,Archive,100,REVIEW
Academic,3,Registration,1341,534,Medium,0,231,Archive,100,EXPIRE
Other,2,Other,165,44,High,0,270,Legal,56,RETAIN
Identity,4,Registration,244,194,Low,1,468,Operational,93,RETAIN
Location,5,Verification,404,193,Medium,1,132,Legal,100,REVIEW
Financial,5,Communication,1284,1136,None,1,462,Compliance,100,EXPIRE
Academic,3,Navigation,764,447,Medium,1,166,Compliance,100,REVIEW
Other,2,Registration,1555,330,Low,1,423,Legal,100,EXPIRE
Identity,5,Other,1408,1403,High,0,191,Compliance,100,EXPIRE
Location,4,Other,836,721,Medium,0,429,Legal,100,EXPIRE
Other,3,Academic,1024,771,Medium,0,319,Archive,100,EXPIRE
Location,3,Other,1158,1100,None,0,41,Compliance,100,EXPIRE
Identity,4,Communication,131,74,Medium,0,506,Temporary,77,RETAIN
Identity,3,Registration,569,83,High,0,326,Temporary,96,REVIEW
Location,5,Academic,1275,223,High,1,109,Temporary,100,EXPIRE
Academic,2,Payment,967,178,Low,0,477,Archive,100,REVIEW
Contact,2,Academic,620,599,High,0,19,Temporary,100,REVIEW
Financial,5,Verification,752,303,Low,1,352,Temporary,100,EXPIRE
Identity,2,Academic,1298,394,High,0,475,Legal,100,EXPIRE
Contact,4,Registration,1499,1201,Medium,1,84,Compliance,100,EXPIRE
Academic,3,Verification,1325,1029,Medium,0,26,Temporary,100,EXPIRE
Academic,1,Registration,630,330,None,1,306,Operational,87,RETAIN
Other,2,Registration,671,604,None,1,424,Operational,100,REVIEW
Other,3,Verification,1301,1130,Low,1,460,Operational,100,EXPIRE
Contact,3,Payment,1253,540,High,1,147,Archive,100,EXPIRE
Contact,4,Navigation,657,437,Medium,1,46,Operational,100,REVIEW
Location,5,Navigation,1157,1113,High,1,209,Archive,100,EXPIRE
Location,3,Navigation,1538,964,High,0,508,Operational,100,REVIEW
Financial,5,Payment,222,30,None,1,147,Legal,96,REVIEW
Financial,4,Payment,1447,1046,Low,1,246,Operational,100,EXPIRE
Contact,3,Registration,1551,1052,Low,1,121,Legal,100,EXPIRE
Location,5,Verification,660,160,High,0,206,Compliance,100,REVIEW
Location,3,Other,809,337,Low,0,416,Compliance,100,REVIEW
Other,5,Communication,1354,76,None,1,165,Temporary,100,EXPIRE
Identity,5,Communication,1000,778,Medium,0,180,Legal,100,EXPIRE
Financial,5,Payment,804,225,High,1,527,Temporary,100,REVIEW
Financial,4,Academic,226,177,Low,1,445,Archive,100,REVIEW
Contact,5,Navigation,1264,811,Medium,1,472,Temporary,100,REVIEW
Location,5,Verification,1304,154,High,0,298,Legal,100,EXPIRE
Identity,5,Verification,1423,89,Low,0,88,Archive,100,EXPIRE
Identity,5,Communication,1396,1139,Medium,0,168,Legal,100,EXPIRE
Other,4,Registration,838,178,High,0,502,Temporary,100,REVIEW
Financial,5,Navigation,637,59,High,1,56,Operational,100,REVIEW
Contact,3,Navigation,472,20,High,1,66,Legal,63,RETAIN
Financial,5,Verification,105,49,Low,1,247,Archive,92,RETAIN
Financial,5,Verification,34,31,Medium,0,426,Operational,86,RETAIN
Other,5,Registration,54,23,High,0,301,Archive,84,RETAIN
Contact,2,Academic,591,356,Low,0,198,Legal,100,REVIEW
Academic,1,Verification,515,349,Medium,0,110,Legal,86,RETAIN
Financial,5,Academic,1197,36,High,1,185,Compliance,100,REVIEW
Other,1,Registration,23,2,Medium,0,148,Temporary,31,RETAIN
Location,5,Verification,866,332,None,1,51,Operational,100,EXPIRE
Academic,2,Navigation,320,178,Low,1,524,Archive,73,RETAIN
Location,5,Payment,1168,1098,Medium,1,289,Compliance,100,EXPIRE
Other,5,Communication,20,7,Medium,1,272,Temporary,63,RETAIN
Financial,4,Verification,908,903,Medium,0,327,Legal,100,EXPIRE
Academic,2,Other,230,197,Low,1,517,Operational,69,RETAIN
Location,5,Verification,150,6,Medium,1,71,Compliance,79,REVIEW
Academic,2,Academic,1000,750,Low,1,329,Compliance,100,EXPIRE
Academic,3,Registration,872,43,High,1,389,Operational,95,REVIEW
Financial,4,Verification,553,211,Low,1,109,Archive,100,REVIEW
Identity,4,Other,259,27,Low,1,129,Temporary,73,RETAIN
Contact,4,Other,925,361,Low,1,506,Legal,100,REVIEW
Other,3,Registration,446,76,Low,1,367,Operational,81,RETAIN
Identity,5,Verification,780,35,Low,0,186,Temporary,100,REVIEW
Location,4,Verification,1182,1162,None,0,408,Compliance,100,EXPIRE
Academic,3,Navigation,1054,646,Low,1,506,Compliance,100,EXPIRE
Academic,1,Navigation,632,357,Low,1,137,Legal,86,RETAIN
Financial,5,Academic,715,219,Low,1,420,Archive,100,REVIEW
Other,2,Communication,379,282,None,1,510,Legal,85,RETAIN
Identity,5,Verification,1428,1401,High,0,536,Legal,100,EXPIRE
Identity,4,Verification,534,2,Medium,1,529,Archive,99,REVIEW
Identity,5,Academic,424,165,High,0,42,Legal,100,REVIEW
Location,3,Registration,488,167,Low,0,65,Legal,100,REVIEW
Identity,4,Communication,897,25,High,1,141,Temporary,100,REVIEW
Location,4,Communication,998,170,High,1,12,Operational,100,REVIEW
Other,5,Academic,312,65,Low,0,294,Operational,100,REVIEW
Financial,5,Navigation,181,132,Medium,0,215,Temporary,99,REVIEW
Contact,5,Navigation,783,710,Low,1,472,Legal,100,EXPIRE
Academic,3,Payment,961,17,None,0,102,Temporary,100,REVIEW
Other,5,Other,366,363,Low,1,260,Temporary,100,REVIEW
Location,5,Other,1536,621,None,1,49,Temporary,100,EXPIRE
Other,2,Registration,256,136,Low,1,395,Archive,63,RETAIN
Location,5,Verification,1390,512,None,0,137,Compliance,100,EXPIRE
Identity,5,Navigation,1484,830,Low,0,412,Operational,100,EXPIRE
Identity,5,Registration,1239,212,None,0,508,Archive,100,EXPIRE
Financial,4,Verification,1184,169,Low,1,183,Legal,100,EXPIRE
Academic,2,Navigation,1533,91,Medium,0,34,Temporary,100,REVIEW
Other,4,Communication,601,394,None,1,448,Archive,100,REVIEW
Location,4,Registration,87,73,None,0,194,Operational,86,RETAIN
Identity,4,Payment,487,405,High,1,379,Temporary,100,REVIEW
Academic,2,Payment,1163,279,Medium,1,422,Archive,100,REVIEW
Location,3,Payment,1183,330,None,0,245,Compliance,100,EXPIRE
Location,4,Communication,1123,457,High,0,27,Legal,100,EXPIRE
Other,4,Verification,230,222,Medium,1,312,Compliance,93,RETAIN
Other,3,Verification,276,235,Low,1,524,Compliance,99,REVIEW
Identity,4,Navigation,1389,1231,Low,1,442,Archive,100,EXPIRE
Identity,5,Registration,885,110,None,0,115,Legal,100,REVIEW
Other,4,Other,1529,1021,None,0,361,Compliance,100,EXPIRE
Location,5,Communication,977,739,Low,1,212,Legal,100,EXPIRE
Location,4,Communication,84,20,Medium,0,519,Legal,70,RETAIN
Location,5,Payment,844,365,High,1,262,Temporary,100,EXPIRE
Financial,5,Registration,1522,1189,Medium,1,80,Operational,100,EXPIRE
Academic,2,Academic,330,251,Medium,1,505,Legal,81,RETAIN
Other,4,Registration,438,226,Medium,0,101,Temporary,100,REVIEW
Other,3,Navigation,1137,452,Low,1,369,Compliance,100,EXPIRE
Financial,5,Communication,528,132,Medium,0,433,Temporary,100,REVIEW
Location,3,Verification,287,221,Medium,0,212,Archive,88,RETAIN
Contact,2,Communication,1561,312,None,1,449,Legal,100,EXPIRE
Location,5,Registration,1578,153,None,1,17,Archive,100,EXPIRE
Financial,5,Other,1207,769,Low,0,511,Archive,100,EXPIRE
Other,4,Other,964,721,High,0,141,Temporary,100,EXPIRE
Location,5,Payment,635,272,High,0,231,Compliance,100,RETAIN
Identity,3,Payment,173,132,High,1,244,Legal,69,RETAIN
Location,3,Payment,1489,862,High,0,340,Legal,100,EXPIRE
Contact,2,Registration,946,225,Low,1,16,Archive,100,REVIEW
Location,5,Other,650,234,Low,1,169,Archive,100,REVIEW
Other,1,Academic,818,783,None,0,62,Compliance,100,REVIEW
Academic,2,Communication,866,0,Medium,0,167,Compliance,85,RETAIN
Other,5,Communication,473,111,None,1,384,Temporary,100,REVIEW
Other,3,Navigation,838,22,Medium,1,162,Legal,86,RETAIN
Financial,4,Navigation,1531,1407,None,0,68,Temporary,100,EXPIRE
Identity,2,Payment,582,165,Medium,1,264,Legal,85,RETAIN
Contact,2,Verification,727,454,High,0,355,Compliance,100,REVIEW
Contact,2,Verification,1012,670,None,0,219,Compliance,100,EXPIRE
Academic,3,Verification,965,139,None,1,370,Legal,100,REVIEW
Identity,3,Other,360,185,High,0,188,Archive,89,RETAIN
Contact,4,Navigation,1597,218,High,1,393,Temporary,100,EXPIRE
Other,3,Registration,776,178,None,1,372,Legal,100,REVIEW
Contact,2,Navigation,372,256,High,1,215,Compliance,66,RETAIN
Other,3,Payment,1570,315,Low,0,133,Legal,100,EXPIRE
Financial,4,Registration,244,106,None,1,12,Temporary,78,RETAIN
Location,3,Academic,1172,458,High,0,405,Legal,100,EXPIRE
Other,3,Registration,432,410,Low,0,359,Legal,100,REVIEW
Other,3,Communication,1032,325,None,0,364,Archive,100,REVIEW
Academic,3,Communication,292,42,High,1,483,Archive,62,RETAIN
Other,3,Verification,801,189,None,1,32,Archive,100,REVIEW
Contact,4,Registration,33,28,Low,1,443,Compliance,66,RETAIN
Identity,4,Payment,578,207,High,1,224,Archive,100,EXPIRE
Academic,4,Other,1593,601,High,0,298,Operational,100,EXPIRE
Location,4,Other,118,47,Medium,0,65,Operational,74,RETAIN
Academic,2,Navigation,917,247,None,0,488,Operational,100,REVIEW
Other,5,Verification,1161,1002,Low,1,57,Temporary,100,EXPIRE
Financial,5,Payment,93,84,Medium,1,459,Compliance,89,RETAIN
Identity,3,Registration,559,36,Medium,0,68,Temporary,87,RETAIN
Contact,2,Communication,1208,710,High,0,237,Legal,100,EXPIRE
Location,5,Communication,697,556,Medium,1,7,Operational,100,RETAIN
Location,2,Academic,97,70,High,1,533,Temporary,53,RETAIN
Financial,5,Verification,385,105,Low,0,401,Archive,100,REVIEW
Contact,5,Communication,628,110,None,0,48,Legal,100,REVIEW
Identity,5,Registration,1055,305,Medium,1,74,Compliance,100,REVIEW
Academic,3,Academic,388,257,High,0,483,Legal,100,REVIEW
Identity,5,Communication,514,414,None,0,344,Compliance,100,REVIEW
Identity,3,Navigation,1179,288,Medium,1,477,Temporary,100,REVIEW
Academic,2,Verification,850,827,Low,0,218,Legal,100,EXPIRE
Financial,5,Verification,1154,421,Medium,0,106,Temporary,100,RETAIN
Location,5,Communication,1303,529,None,1,204,Legal,100,EXPIRE
Identity,5,Navigation,704,150,Medium,1,207,Legal,100,REVIEW
Other,2,Communication,57,48,None,1,120,Legal,39,RETAIN
Contact,2,Registration,646,210,None,0,101,Legal,100,REVIEW
Contact,5,Registration,803,554,None,1,37,Operational,100,EXPIRE
Academic,2,Payment,1007,655,None,0,189,Temporary,100,EXPIRE
Identity,4,Verification,1414,1049,High,0,380,Compliance,100,EXPIRE
Contact,1,Communication,1356,1233,Low,1,271,Legal,100,EXPIRE
Location,3,Payment,1136,1084,Medium,0,227,Temporary,100,EXPIRE
Financial,5,Navigation,817,788,Low,1,324,Archive,100,EXPIRE
Contact,2,Navigation,885,870,High,1,213,Operational,100,EXPIRE
Contact,4,Payment,577,434,None,1,290,Temporary,100,REVIEW
Contact,3,Payment,268,134,None,1,88,Operational,82,RETAIN
Identity,3,Other,678,390,None,0,183,Temporary,100,REVIEW
Academic,4,Verification,576,378,Low,1,140,Operational,100,REVIEW
Financial,5,Navigation,281,78,Low,1,376,Temporary,96,REVIEW
Financial,4,Communication,960,831,None,0,405,Legal,100,EXPIRE
Identity,5,Academic,806,4,None,0,190,Compliance,100,REVIEW
Location,5,Payment,665,460,Low,1,497,Operational,100,EXPIRE
Contact,3,Payment,959,3,Medium,1,539,Legal,100,REVIEW
Other,2,Other,931,590,High,1,481,Archive,100,REVIEW
Contact,4,Communication,661,233,None,0,269,Operational,100,REVIEW
Location,2,Payment,159,15,None,0,524,Legal,68,RETAIN
Identity,4,Academic,121,96,Medium,1,46,Operational,72,RETAIN
Identity,4,Communication,17,4,Medium,0,416,Legal,64,RETAIN
Other,4,Communication,917,367,Low,1,406,Archive,100,REVIEW
Identity,4,Payment,1552,6,Medium,0,536,Archive,100,EXPIRE
Financial,5,Registration,1191,251,None,1,71,Operational,100,EXPIRE
Academic,1,Navigation,181,176,Medium,1,15,Temporary,34,RETAIN
Financial,4,Registration,853,741,Medium,1,474,Archive,100,EXPIRE
Location,3,Payment,824,584,Low,1,454,Legal,100,EXPIRE
Identity,2,Communication,1577,581,Medium,0,409,Archive,100,EXPIRE
Location,4,Academic,893,299,Low,1,162,Legal,100,REVIEW
Financial,5,Other,715,15,Low,1,93,Operational,100,REVIEW
Identity,5,Academic,903,183,Low,1,26,Operational,100,REVIEW
Identity,5,Registration,290,158,Low,0,48,Compliance,100,RETAIN
Identity,5,Other,165,163,Medium,0,265,Operational,100,REVIEW
Academic,2,Registration,1312,409,None,1,538,Temporary,100,EXPIRE
Identity,3,Academic,1406,293,Medium,0,172,Legal,100,EXPIRE
Other,5,Verification,857,807,Low,0,484,Legal,100,EXPIRE
Location,2,Registration,799,271,Medium,0,63,Operational,100,REVIEW
Academic,2,Payment,1543,1484,None,1,383,Legal,100,EXPIRE
Identity,4,Academic,1343,601,None,1,483,Operational,100,EXPIRE
Financial,5,Other,151,73,High,1,440,Operational,79,RETAIN
Location,4,Registration,1536,255,None,1,349,Compliance,100,EXPIRE
Financial,5,Communication,845,142,Medium,0,404,Compliance,100,REVIEW
Contact,4,Communication,825,809,None,1,42,Archive,100,EXPIRE
Location,5,Academic,1430,1186,Medium,1,93,Legal,100,EXPIRE
Contact,4,Registration,185,160,Low,1,359,Archive,84,RETAIN
Other,2,Navigation,1559,1189,High,0,497,Archive,100,EXPIRE
Identity,4,Registration,276,261,Low,1,465,Operational,100,REVIEW
Financial,5,Navigation,1377,601,None,1,352,Archive,100,EXPIRE
Contact,3,Navigation,30,2,Medium,1,126,Temporary,36,RETAIN
Identity,4,Communication,18,2,High,1,158,Operational,49,RETAIN
Academic,2,Verification,1020,861,Low,1,303,Operational,100,EXPIRE
Academic,2,Other,75,67,None,0,371,Operational,64,RETAIN
Academic,4,Navigation,1225,10,None,1,36,Legal,100,REVIEW
Academic,4,Communication,71,10,Low,1,55,Operational,60,RETAIN
Identity,4,Academic,1450,1079,None,0,85,Operational,100,EXPIRE
Financial,4,Academic,1525,1276,High,0,477,Archive,100,EXPIRE
Financial,5,Navigation,1330,1180,High,1,107,Legal,100,EXPIRE
Location,4,Academic,947,625,Medium,0,472,Archive,100,RETAIN
Financial,4,Verification,1108,642,High,1,192,Compliance,100,EXPIRE
Contact,2,Payment,488,87,Low,1,196,Archive,81,REVIEW
Academic,3,Verification,1294,1009,Medium,0,130,Compliance,100,EXPIRE
Location,5,Payment,63,32,Low,1,116,Temporary,86,REVIEW
Financial,3,Communication,28,15,None,0,382,Temporary,62,EXPIRE
Contact,4,Verification,685,549,Low,0,389,Archive,100,EXPIRE
Academic,3,Academic,1181,717,None,1,62,Operational,100,EXPIRE
Other,3,Academic,1140,313,High,1,423,Legal,100,REVIEW
Academic,2,Payment,642,639,Low,1,138,Operational,100,REVIEW
Contact,4,Communication,1566,74,High,1,214,Legal,100,REVIEW
Other,5,Academic,1456,1307,Low,0,100,Operational,100,EXPIRE
Contact,3,Communication,1244,1137,Medium,0,452,Temporary,100,EXPIRE
Identity,4,Academic,679,70,Low,1,282,Legal,100,REVIEW
Academic,4,Payment,1349,814,Low,1,195,Operational,100,EXPIRE
Identity,4,Navigation,75,62,High,0,131,Archive,73,RETAIN
Academic,1,Other,529,97,Low,0,481,Operational,84,RETAIN
Financial,5,Verification,1206,658,High,1,442,Temporary,100,EXPIRE
Financial,5,Academic,439,255,High,1,533,Operational,100,REVIEW
Location,4,Communication,1390,610,Medium,1,234,Temporary,100,EXPIRE
Contact,1,Verification,695,339,Medium,0,312,Operational,100,REVIEW
Academic,2,Verification,814,325,High,1,486,Archive,100,REVIEW
Other,4,Registration,560,122,Medium,1,8,Operational,88,RETAIN
Contact,5,Academic,621,35,High,0,329,Temporary,100,REVIEW
Location,5,Other,1068,992,None,0,172,Compliance,100,EXPIRE
Academic,1,Other,1523,66,Low,0,256,Compliance,100,REVIEW
Location,5,Communication,718,189,Low,0,269,Archive,100,REVIEW
Academic,3,Academic,776,244,Medium,0,484,Legal,100,REVIEW
Location,3,Navigation,1247,847,Medium,1,48,Archive,100,EXPIRE
Academic,2,Verification,1579,1010,None,1,299,Temporary,100,EXPIRE
Contact,4,Academic,1184,669,Low,1,142,Compliance,100,EXPIRE
Identity,5,Academic,35,31,High,0,42,Operational,79,RETAIN
Other,2,Payment,1494,288,Medium,0,371,Compliance,100,EXPIRE
Location,5,Payment,705,138,None,1,331,Archive,100,REVIEW
Location,3,Other,1023,517,High,1,318,Temporary,100,REVIEW
Contact,4,Other,1035,495,Low,1,410,Temporary,100,EXPIRE
Academic,2,Navigation,971,937,High,1,258,Archive,100,EXPIRE
Identity,3,Payment,301,15,Low,1,525,Legal,83,RETAIN
Financial,5,Verification,674,287,High,1,332,Archive,100,REVIEW
Location,4,Academic,477,251,High,1,132,Archive,100,REVIEW
Other,3,Communication,870,331,None,0,534,Archive,100,REVIEW
Academic,1,Academic,366,17,High,1,153,Legal,45,RETAIN
Other,2,Verification,595,333,High,1,224,Temporary,98,REVIEW
Academic,4,Payment,1131,748,None,0,15,Legal,100,EXPIRE
Contact,3,Other,320,101,Low,1,429,Operational,77,RETAIN
Identity,5,Academic,440,174,High,1,42,Compliance,100,REVIEW
Financial,5,Registration,1558,408,None,0,457,Legal,100,EXPIRE
Other,2,Payment,428,29,Low,0,536,Archive,86,RETAIN
Contact,5,Payment,702,570,High,0,178,Operational,100,EXPIRE
Academic,3,Payment,291,106,Medium,1,34,Legal,71,RETAIN
Location,5,Communication,934,854,None,1,291,Legal,100,EXPIRE
Financial,4,Academic,152,61,Low,1,496,Legal,89,RETAIN
Identity,5,Navigation,1523,437,High,0,96,Temporary,100,EXPIRE
Contact,3,Other,1158,1114,High,1,354,Legal,100,EXPIRE
Location,3,Academic,552,219,Medium,1,520,Operational,100,REVIEW
Contact,3,Academic,645,617,Medium,1,500,Archive,100,REVIEW
Identity,3,Academic,1348,394,Medium,1,87,Compliance,100,EXPIRE
Academic,1,Other,345,320,None,0,23,Compliance,83,RETAIN
Other,2,Other,1287,185,High,1,511,Compliance,100,REVIEW
Academic,3,Registration,441,189,High,0,99,Archive,93,RETAIN
Contact,4,Navigation,823,514,Low,1,356,Archive,100,EXPIRE
Financial,5,Academic,89,23,Medium,0,53,Archive,82,RETAIN
Financial,5,Registration,690,175,Medium,0,76,Archive,100,REVIEW
Other,2,Payment,301,243,Low,1,335,Operational,85,RETAIN
Academic,1,Communication,756,56,None,0,125,Legal,79,RETAIN
Contact,4,Other,1330,574,Medium,1,70,Archive,100,EXPIRE
Other,4,Payment,327,266,None,0,67,Temporary,100,REVIEW
Identity,4,Communication,290,196,Low,0,518,Archive,100,REVIEW
Financial,5,Navigation,925,912,Low,0,376,Operational,100,RETAIN
Other,4,Payment,264,253,Low,0,135,Legal,100,REVIEW
Financial,5,Verification,133,118,High,1,298,Legal,90,RETAIN
Academic,3,Payment,1563,868,Medium,1,489,Compliance,100,EXPIRE
Contact,2,Registration,819,593,Low,0,243,Compliance,100,REVIEW
Identity,4,Other,1116,151,High,1,92,Compliance,100,REVIEW
Financial,5,Payment,347,269,Low,0,125,Compliance,100,RETAIN
Identity,3,Registration,1275,249,Medium,1,431,Temporary,100,REVIEW
Academic,3,Verification,777,0,High,1,273,Compliance,96,REVIEW
Financial,5,Academic,1416,1201,High,1,378,Operational,100,EXPIRE
Academic,2,Communication,1577,1156,High,1,25,Temporary,100,EXPIRE
Identity,3,Academic,800,375,None,0,329,Temporary,100,REVIEW
Other,3,Registration,228,77,Medium,1,12,Compliance,53,RETAIN
Academic,3,Navigation,723,489,None,1,449,Compliance,100,REVIEW
Financial,5,Payment,473,55,Medium,0,8,Temporary,100,REVIEW
Identity,4,Registration,1137,39,High,0,97,Legal,100,REVIEW
Other,4,Communication,1243,154,High,1,311,Temporary,100,REVIEW
Other,3,Other,764,354,Low,1,199,Temporary,100,REVIEW
Academic,4,Other,1263,736,None,0,457,Legal,100,EXPIRE
Identity,5,Navigation,1243,528,Low,1,91,Operational,100,EXPIRE
Contact,2,Academic,1031,530,Low,0,390,Compliance,100,EXPIRE
Contact,2,Other,1547,1061,Low,0,121,Temporary,100,EXPIRE
Location,3,Navigation,687,399,High,0,125,Temporary,100,REVIEW
Contact,4,Communication,1164,174,None,0,185,Temporary,100,EXPIRE
Financial,5,Academic,744,581,Medium,1,535,Operational,100,EXPIRE
Location,5,Other,110,15,None,1,23,Temporary,75,RETAIN
Other,3,Other,1550,223,None,0,425,Temporary,100,EXPIRE
Contact,5,Other,90,9,High,0,140,Temporary,82,RETAIN
Identity,5,Verification,466,160,Low,1,343,Archive,100,REVIEW
Financial,5,Payment,62,43,Medium,1,61,Legal,76,RETAIN
Academic,2,Payment,568,554,High,1,100,Temporary,100,REVIEW
Academic,3,Registration,988,682,Low,0,287,Archive,100,EXPIRE
Financial,3,Verification,501,95,Medium,1,52,Temporary,83,RETAIN
Identity,3,Payment,1511,1094,Low,0,420,Temporary,100,EXPIRE
Contact,2,Payment,1449,977,Medium,1,415,Legal,100,EXPIRE
Contact,3,Navigation,215,130,None,0,393,Operational,90,RETAIN
Contact,4,Academic,1080,145,Low,1,255,Legal,100,REVIEW
Contact,3,Registration,1141,305,None,1,24,Operational,100,REVIEW
Academic,2,Other,236,148,High,1,337,Archive,52,RETAIN
Identity,4,Registration,319,106,None,1,422,Operational,89,RETAIN
Other,5,Communication,1432,1269,None,1,411,Archive,100,EXPIRE
Academic,2,Verification,36,8,Medium,1,470,Operational,43,RETAIN
Academic,2,Communication,1218,542,None,1,501,Temporary,100,EXPIRE
Academic,2,Communication,1553,380,None,0,42,Legal,100,EXPIRE
Identity,5,Registration,1136,457,Medium,0,514,Legal,100,EXPIRE
Identity,4,Other,960,592,High,1,434,Operational,100,EXPIRE
Location,5,Navigation,590,455,Low,1,210,Compliance,100,REVIEW
Contact,3,Other,224,57,Medium,0,427,Temporary,76,RETAIN
Location,3,Other,1256,786,Medium,1,94,Archive,100,EXPIRE
Contact,3,Other,853,387,Low,0,506,Legal,100,EXPIRE
Other,3,Registration,337,12,Low,0,374,Operational,88,RETAIN
Identity,5,Other,151,143,Medium,1,302,Operational,82,RETAIN
Other,2,Other,1541,473,Medium,1,378,Temporary,100,EXPIRE
Location,5,Other,645,260,None,0,300,Legal,100,REVIEW
Other,4,Navigation,447,316,Low,1,243,Compliance,100,REVIEW
Identity,4,Communication,545,82,Medium,0,81,Archive,94,RETAIN
Financial,5,Other,640,573,Medium,0,331,Compliance,100,EXPIRE
Location,5,Verification,1324,749,Low,0,7,Compliance,100,EXPIRE
Contact,1,Academic,1152,1012,None,0,523,Operational,100,EXPIRE
Identity,5,Academic,542,20,High,0,312,Archive,100,REVIEW
Academic,4,Communication,376,214,Medium,1,282,Operational,88,RETAIN
Identity,4,Communication,1495,1017,High,0,302,Operational,100,EXPIRE
Location,5,Verification,564,278,None,1,506,Compliance,100,REVIEW
Contact,3,Verification,1381,354,High,1,239,Compliance,100,EXPIRE
Financial,5,Academic,475,155,None,1,400,Archive,100,REVIEW
Location,5,Payment,718,93,Low,1,364,Temporary,100,REVIEW
Contact,3,Other,646,204,High,1,400,Temporary,94,RETAIN
Contact,2,Verification,663,175,Medium,1,303,Operational,91,RETAIN
Identity,5,Communication,1428,616,Low,1,229,Legal,100,EXPIRE
Identity,4,Other,991,947,Low,1,175,Archive,100,EXPIRE
Location,5,Registration,1052,1040,Medium,1,346,Legal,100,EXPIRE
Other,4,Other,803,474,Medium,0,469,Legal,100,EXPIRE
Location,5,Other,600,287,None,0,164,Temporary,100,REVIEW
Location,4,Registration,1159,995,Medium,0,57,Archive,100,EXPIRE
Location,3,Registration,1279,307,Low,1,39,Operational,100,REVIEW
Academic,1,Navigation,1200,510,Low,1,354,Compliance,100,REVIEW
Identity,4,Other,1070,681,High,0,177,Legal,100,RETAIN
Other,3,Registration,567,2,None,1,523,Legal,86,RETAIN
Contact,2,Registration,377,367,Low,0,423,Legal,100,REVIEW
Other,3,Verification,273,210,Low,1,195,Legal,90,EXPIRE
Identity,5,Navigation,198,142,None,1,280,Legal,94,RETAIN
Financial,4,Registration,1184,889,High,1,113,Archive,100,EXPIRE
Other,2,Communication,425,324,None,0,168,Operational,94,RETAIN
Location,5,Academic,1327,11,None,0,477,Compliance,100,EXPIRE
Financial,5,Payment,1427,1365,High,1,316,Legal,100,EXPIRE
Financial,5,Academic,960,186,None,1,264,Legal,100,EXPIRE
Location,4,Verification,357,335,Low,1,274,Compliance,100,REVIEW
Financial,4,Academic,1057,327,Medium,0,89,Legal,100,RETAIN
Contact,2,Registration,157,139,Medium,1,460,Legal,49,RETAIN
Financial,4,Verification,7,3,High,0,351,Archive,71,RETAIN
Identity,5,Academic,500,182,None,1,507,Temporary,100,REVIEW
Other,3,Communication,1315,1010,Medium,0,205,Archive,100,EXPIRE
Identity,3,Communication,398,41,Low,0,118,Legal,81,RETAIN
Contact,5,Verification,889,48,High,0,447,Temporary,100,REVIEW
Location,5,Academic,1184,767,None,0,462,Temporary,100,EXPIRE
Financial,5,Payment,245,113,High,1,133,Compliance,94,RETAIN
Contact,3,Verification,1249,410,None,1,370,Compliance,100,EXPIRE
Contact,3,Verification,780,42,Low,0,384,Archive,100,REVIEW
Identity,3,Communication,575,78,High,0,306,Operational,88,RETAIN
Identity,4,Academic,512,77,High,1,192,Temporary,96,REVIEW
Academic,1,Verification,371,151,High,1,170,Operational,57,RETAIN
Location,3,Payment,1380,1057,Low,0,428,Archive,100,EXPIRE
Identity,5,Registration,442,159,High,0,94,Archive,100,REVIEW
Financial,5,Payment,1401,1372,Medium,0,132,Compliance,100,EXPIRE
Location,5,Other,271,210,Low,1,314,Archive,100,EXPIRE
Contact,3,Registration,75,43,High,1,305,Archive,45,RETAIN
Identity,4,Verification,23,4,Medium,1,350,Operational,65,RETAIN
Other,5,Navigation,1051,157,None,0,188,Compliance,100,EXPIRE
Identity,5,Other,972,901,High,1,521,Compliance,100,REVIEW
Identity,3,Navigation,765,391,Medium,1,259,Legal,100,REVIEW
Identity,3,Communication,434,302,High,0,282,Temporary,97,REVIEW
Identity,5,Verification,86,50,Low,1,230,Temporary,91,RETAIN
Academic,2,Registration,769,709,Low,1,113,Archive,100,REVIEW
Academic,4,Verification,490,231,Medium,0,267,Temporary,100,REVIEW
Financial,5,Payment,350,59,Medium,1,238,Operational,98,EXPIRE
Academic,4,Verification,202,60,None,1,325,Operational,89,RETAIN
Location,4,Communication,854,278,Low,1,182,Temporary,100,REVIEW
Academic,2,Registration,1222,411,Low,0,249,Archive,100,EXPIRE
Financial,5,Other,1341,370,Medium,1,205,Archive,100,EXPIRE
Other,2,Payment,478,82,High,1,334,Compliance,73,RETAIN
Academic,2,Verification,301,13,None,1,36,Archive,62,RETAIN
Identity,5,Other,1026,788,Medium,0,278,Operational,100,EXPIRE
Other,2,Navigation,1041,965,None,1,197,Legal,100,EXPIRE
Other,2,Registration,1136,1007,Medium,1,77,Compliance,100,EXPIRE
Academic,2,Payment,864,412,Low,1,163,Legal,100,REVIEW
Contact,3,Communication,937,250,Medium,1,33,Compliance,100,REVIEW
Identity,4,Navigation,1104,511,Medium,0,343,Archive,100,EXPIRE
Contact,4,Verification,567,12,High,1,125,Temporary,93,EXPIRE
Identity,4,Navigation,1396,911,Medium,0,161,Temporary,100,EXPIRE
Academic,2,Registration,1305,406,High,1,372,Operational,100,RETAIN
Identity,3,Communication,40,30,None,0,377,Legal,63,RETAIN
Location,5,Payment,610,75,High,1,379,Legal,100,REVIEW
Location,5,Navigation,373,4,Medium,1,371,Temporary,86,EXPIRE
Contact,4,Academic,581,569,None,0,153,Compliance,100,EXPIRE
Academic,2,Navigation,1595,750,High,0,333,Operational,100,EXPIRE
Contact,1,Other,1375,826,Low,1,169,Archive,100,EXPIRE
Contact,3,Verification,1090,385,Low,1,532,Compliance,100,EXPIRE
Contact,3,Payment,88,85,High,1,283,Archive,61,RETAIN
Other,4,Verification,1458,1124,Medium,0,328,Legal,100,RETAIN
Academic,1,Academic,424,102,Medium,1,272,Legal,58,RETAIN
Academic,4,Payment,80,26,Low,0,348,Operational,85,RETAIN
Academic,2,Payment,640,176,Low,1,354,Temporary,100,REVIEW
Other,2,Other,1125,720,Low,1,168,Archive,100,EXPIRE
Other,5,Payment,1322,718,None,1,242,Compliance,100,EXPIRE
Identity,4,Payment,1173,187,Low,0,125,Archive,100,EXPIRE
Academic,4,Communication,838,675,High,1,43,Archive,100,REVIEW
Contact,4,Registration,792,763,High,1,470,Operational,100,EXPIRE
Identity,5,Other,926,201,High,1,67,Legal,100,REVIEW
Financial,5,Academic,1073,675,Low,1,509,Operational,100,EXPIRE
Academic,1,Payment,258,218,High,1,74,Archive,54,RETAIN
Other,2,Communication,1021,69,Low,1,202,Temporary,100,RETAIN
Location,3,Academic,1244,100,High,1,490,Operational,100,REVIEW
Other,2,Communication,1432,1126,Medium,1,191,Archive,100,EXPIRE
Academic,2,Navigation,335,315,High,1,204,Legal,68,RETAIN
Identity,3,Navigation,1239,175,None,1,266,Temporary,100,REVIEW
Academic,4,Registration,1553,585,Medium,1,59,Compliance,100,EXPIRE
Identity,3,Payment,587,342,Low,1,193,Compliance,100,REVIEW
Other,3,Other,901,194,Medium,1,114,Compliance,100,REVIEW
Location,3,Payment,632,628,High,1,418,Temporary,100,REVIEW
Contact,4,Academic,1048,847,Medium,0,179,Compliance,100,EXPIRE
Financial,5,Navigation,198,94,Low,1,420,Compliance,93,RETAIN
Contact,5,Registration,811,671,Low,1,511,Compliance,100,EXPIRE
Other,5,Other,547,460,High,1,113,Operational,100,REVIEW
Location,3,Verification,1194,216,None,1,108,Operational,100,REVIEW
Other,3,Academic,653,535,Low,1,440,Legal,100,REVIEW
Academic,2,Verification,190,138,Low,1,326,Temporary,70,RETAIN
Academic,3,Payment,1444,78,High,1,57,Legal,100,REVIEW
Other,3,Navigation,1150,193,Medium,0,33,Temporary,100,REVIEW
Location,4,Payment,667,31,High,1,34,Archive,99,REVIEW
Academic,1,Navigation,1372,1125,Low,0,308,Temporary,100,EXPIRE
Other,5,Other,180,145,High,0,199,Temporary,99,REVIEW
Location,5,Communication,465,388,Low,0,535,Operational,100,REVIEW
Location,5,Communication,10,8,None,0,67,Archive,80,RETAIN
Location,5,Communication,1535,462,Low,1,120,Compliance,100,EXPIRE
Other,2,Navigation,1445,214,None,1,505,Compliance,100,REVIEW
Location,2,Payment,357,262,Low,1,243,Operational,88,RETAIN
Financial,3,Registration,1415,2,Medium,1,191,Temporary,100,EXPIRE
Identity,5,Navigation,18,12,Low,1,347,Temporary,75,RETAIN
Location,5,Registration,302,136,Medium,0,518,Legal,100,REVIEW
